Workbook

Sheet README
A1: CTDI k-factors are used by RTI Piranha and RTI Ocean software to calculate CTDI(vol) from measurements of CTDI100(center).
A2: k = CTDIw/CTDI100(center)
A3: k-factors for some common scanners are built into RTI Ocean, but for newer scanners that aren't on the list, need to either select a similar scanner or use an appropriate k-factor.
A4: See RTI Application Note AN-40
A6: Spreadsheet tabs contain k-factors derived from Siemens Dosimetry and Imaging performance reports for the scanner.

Sheet Sheet9
A1: Scanner | B1: kV | C1: Coll NxT | D1: Width (mm) | E1: Acq NxT | F1: k (16 cm) | G1: k (32 cm) | I1: Naeotom Alpha | J1: 1 | M1: Siemens | N1: 1
A2: Confidence 64 | B2: 70 | C2: 2x1 | D2: 2 | E2: 2x1 | F2: 1.0699301 | G2: 1.741379 | I2: Definition AS | J2: 2 | M2: Neurologica | N2: 2
A3: Confidence 64 | B3: 70 | C3: 1x5 | D3: 5 | E3: 1x5 | F3: 1.0661479 | G3: 1.75 | I3: Somatom Flash A tube | J3: 3
A4: Confidence 64 | B4: 70 | C4: 10x0.6 | D4: 6 | E4: 20x0.6 | F4: 1.0645161 | G4: 1.724638 | I4: Somatom Force | J4: 4
A5: Confidence 64 | B5: 70 | C5: 6x1.2 | D5: 7.2 | E5: 6x1.2 | F5: 1.0677507 | G5: 1.733333 | I5: Somatom Drive | J5: 5
A6: Confidence 64 | B6: 70 | C6: 1x10 | D6: 10 | E6: 1x10 | F6: 1.0661479 | G6: 1.75 | I6: Definition Edge | J6: 6
A7: Confidence 64 | B7: 70 | C7: 20x0.6 | D7: 12 | E7: 40x0.6 | F7: 1.0632184 | G7: 1.742857 | I7: go.Top | J7: 7
A8: Confidence 64 | B8: 70 | C8: 12x1.2 | D8: 14.4 | E8: 12x1.2 | F8: 1.0699088 | G8: 1.731343 | I8: Confidence 64 | J8: 8
A9: Confidence 64 | B9: 70 | C9: 32x0.6 | D9: 19.2 | E9: 64x0.6 | F9: 1.0617284 | G9: 1.712121 | I9: Confidence 20 | J9: 9
A10: Confidence 64 | B10: 70 | C10: 16x1.2 | D10: 19.2 | E10: 16x1.2 | F10: 1.0698413 | G10: 1.734375 | I10: X.cite | J10: 10
A11: Confidence 64 | B11: 80 | C11: 2x1 | D11: 2 | E11: 2x1 | F11: 1.0437637 | G11: 1.61165 | I11: Biograph Vision | J11: 11
A12: Confidence 64 | B12: 80 | C12: 1x5 | D12: 5 | E12: 1x5 | F12: 1.0439024 | G12: 1.619565 | I12: Intevo Bold | J12: 12
A13: Confidence 64 | B13: 80 | C13: 10x0.6 | D13: 6 | E13: 20x0.6 | F13: 1.0422794 | G13: 1.606557 | I13: Symbia Pro.specta | J13: 13
A14: Confidence 64 | B14: 80 | C14: 6x1.2 | D14: 7.2 | E14: 6x1.2 | F14: 1.0458404 | G14: 1.609023 | I14: Pro.Pulse A tube | J14: 14
... A17: Confidence 64 | B17: 80 | C17: 12x1.2 | D17: 14.4 | E17: 12x1.2 | F17: 1.0457143 | G17: 1.618644 | I17: Somatom Flash B tube | J17: 17
A18: Confidence 64 | B18: 80 | C18: 32x0.6 | D18: 19.2 | E18: 64x0.6 | F18: 1.040619 | G18: 1.603448
A19: Confidence 64 | B19: 80 | C19: 16x1.2 | D19: 19.2 | E19: 16x1.2 | F19: 1.0457257 | G19: 1.619469
A20: Confidence 64 | B20: 100 | C20: 2x1 | D20: 2 | E20: 2x1 | F20: 1.020362 | G20: 1.488889
A21: Confidence 64 | B21: 100 | C21: 1x5 | D21: 5 | E21: 1x5 | F21: 1.0214376 | G21: 1.490099
A22: Confidence 64 | B22: 100 | C22: 10x0.6 | D22: 6 | E22: 20x0.6 | F22: 1.0161444 | G22: 1.479401
A23: Confidence 64 | B23: 100 | C23: 6x1.2 | D23: 7.2 | E23: 6x1.2 | F23: 1.0210526 | G23: 1.489655
A24: Confidence 64 | B24: 100 | C24: 1x10 | D24: 10 | E24: 1x10 | F24: 1.0214376 | G24: 1.490099
A25: Confidence 64 | B25: 100 | C25: 20x0.6 | D25: 12 | E25: 40x0.6 | F25: 1.0167754 | G25: 1.481618
A26: Confidence 64 | B26: 100 | C26: 12x1.2 | D26: 14.4 | E26: 12x1.2 | F26: 1.0216322 | G26: 1.490347
A27: Confidence 64 | B27: 100 | C27: 32x0.6 | D27: 19.2 | E27: 64x0.6 | F27: 1.016 | G27: 1.476378
A28: Confidence 64 | B28: 100 | C28: 16x1.2 | D28: 19.2 | E28: 16x1.2 | F28: 1.0215827 | G28: 1.493927
A29: Confidence 64 | B29: 120 | C29: 2x1 | D29: 2 | E29: 2x1 | F29: 1.0120886 | G29: 1.432763
... A86: Confidence 20 | B86: 140 | C86: 16x1.2 | D86: 19.2 | E86: 16x1.2 | F86: 1.0072743 | G86: 1.538259
A87: go.Top | B87: 70 | C87: 6x0.6 | D87: 3.6 | E87: 6x0.6
A88: go.Top | B88: 70 | C88: 1x5 | D88: 5 | E88: 1x5 | F88: 1.0810811 | G88: 1.888889
A89: go.Top | B89: 70 | C89: 1x10 | D89: 10 | E89: 1x10 | F89: 1.054054 | G89: 2.125
A90: go.Top | B90: 70 | C90: 3x5 | D90: 15 | E90: 3x5 | F90: 1.0810811 | G90: 2.125
A91: go.Top | B91: 70 | C91: 64x0.6 | D91: 38.4 | E91: 64x0.6 | F91: 1.0789474 | G91: 1.888889
A92: go.Top | B92: 80 | C92: 6x0.6 | D92: 3.6 | E92: 6x0.6
A93: go.Top | B93: 80 | C93: 1x5 | D93: 5 | E93: 1x5 | F93: 1.0526316 | G93: 1.928571
A94: go.Top | B94: 80 | C94: 1x10 | D94: 10 | E94: 1x10 | F94: 1.0526316 | G94: 1.857143
A95: go.Top | B95: 80 | C95: 3x5 | D95: 15 | E95: 3x5 | F95: 1.0526316 | G95: 1.857143
A96: go.Top | B96: 80 | C96: 64x0.6 | D96: 38.4 | E96: 64x0.6 | F96: 1.0508475 | G96: 1.8
A97: go.Top | B97: 90 | C97: 6x0.6 | D97: 3.6 | E97: 6x0.6
A98: go.Top | B98: 90 | C98: 1x5 | D98: 5 | E98: 1x5 | F98: 1.0365854 | G98: 1.772727
A99: go.Top | B99: 90 | C99: 1x10 | D99: 10 | E99: 1x10 | F99: 1.037037 | G99: 1.727273
A100: go.Top | B100: 90 | C100: 3x5 | D100: 15 | E100: 3x5 | F100: 1.0365854 | G100: 1.727273
A101: go.Top | B101: 90 | C101: 64x0.6 | D101: 38.4 | E101: 64x0.6 | F101: 1.047619 | G101: 1.73913
A102: go.Top | B102: 100 | C102: 6x0.6 | D102: 3.6 | E102: 6x0.6 | F102: 1 | G102: 1.4
A103: go.Top | B103: 100 | C103: 1x5 | D103: 5 | E103: 1x5 | F103: 1.036036 | G103: 1.6875
A104: go.Top | B104: 100 | C104: 1x10 | D104: 10 | E104: 1x10 | F104: 1.0272727 | G104: 1.677419
A105: go.Top | B105: 100 | C105: 3x5 | D105: 15 | E105: 3x5 | F105: 1.0363636 | G105: 1.709677
A106: go.Top | B106: 100 | C106: 64x0.6 | D106: 38.4 | E106: 64x0.6 | F106: 1.0350877 | G106: 1.6875
A107: go.Top | B107: 110 | C107: 6x0.6 | D107: 3.6 | E107: 6x0.6
A108: go.Top | B108: 110 | C108: 1x5 | D108: 5 | E108: 1x5 | F108: 1.0352113 | G108: 1.666667
A109: go.Top | B109: 110 | C109: 1x10 | D109: 10 | E109: 1x10 | F109: 1.0283688 | G109: 1.642857
A110: go.Top | B110: 110 | C110: 3x5 | D110: 15 | E110: 3x5 | F110: 1.028169 | G110: 1.642857
A111: go.Top | B111: 110 | C111: 64x0.6 | D111: 38.4 | E111: 64x0.6 | F111: 1.0342466 | G111: 1.651163
A112: go.Top | B112: 120 | C112: 6x0.6 | D112: 3.6 | E112: 6x0.6
A113: go.Top | B113: 120 | C113: 1x5 | D113: 5 | E113: 1x5 | F113: 1.0224719 | G113: 1.648148
A114: go.Top | B114: 120 | C114: 1x10 | D114: 10 | E114: 1x10 | F114: 1.0227273 | G114: 1.622642
A115: go.Top | B115: 120 | C115: 3x5 | D115: 15 | E115: 3x5 | F115: 1.0225989 | G115: 1.611111
A116: go.Top | B116: 120 | C116: 64x0.6 | D116: 38.4 | E116: 64x0.6 | F116: 1.0273224 | G116: 1.607143
A117: go.Top | B117: 130 | C117: 6x0.6 | D117: 3.6 | E117: 6x0.6
A118: go.Top | B118: 130 | C118: 1x5 | D118: 5 | E118: 1x5 | F118: 1.028169 | G118: 1.61194
A119: go.Top | B119: 130 | C119: 1x10 | D119: 10 | E119: 1x10 | F119: 1.0238095 | G119: 1.590909
A120: go.Top | B120: 130 | C120: 3x5 | D120: 15 | E120: 3x5 | F120: 1.0235849 | G120: 1.590909
A121: go.Top | B121: 130 | C121: 64x0.6 | D121: 38.4 | E121: 64x0.6 | F121: 1.022831 | G121: 1.602941
A122: go.Top | B122: 140 | C122: 6x0.6 | D122: 3.6 | E122: 6x0.6 | F122: 1.015625 | G122: 1.48
A123: go.Top | B123: 140 | C123: 1x5 | D123: 5 | E123: 1x5 | F123: 1.024 | G123: 1.592593
A124: go.Top | B124: 140 | C124: 1x10 | D124: 10 | E124: 1x10 | F124: 1.0242915 | G124: 1.582278
A125: go.Top | B125: 140 | C125: 3x5 | D125: 15 | E125: 3x5 | F125: 1.0200803 | G125: 1.5625
A126: go.Top | B126: 140 | C126: 64x0.6 | D126: 38.4 | E126: 64x0.6 | F126: 1.0193798 | G126: 1.566265
A127: Intevo Bold | B127: 80 | C127: 4x0.6 | D127: 2.4 | E127: 4x0.6 | F127: 1.068421 | G127: 1.856383
A128: Intevo Bold | B128: 80 | C128: 12x0.6 | D128: 7.2 | E128: 12x0.6 | F128: 1.0649351 | G128: 1.863158
A129: Intevo Bold | B129: 80 | C129: 16x0.6 | D129: 9.6 | E129: 16x0.6 | F129: 1.0828313 | G129: 1.857143
... A324: Somatom Force | B324: 150 | C324: 48x1.2 | D324: 57.6 | E324: 48x1.2 | F324: 1.0107805 | G324: 1.499345
A325: Somatom Force | B325: Sn100 | C325: 2x1 | D325: 2 | E325: 2x1 | F325: 0.97468354 | G325: 1.392857
A326: Somatom Force | B326: Sn100 | C326: 6x0.6 | D326: 3.6 | E326: 6x0.6 | F326: 0.98473282 | G326: 1.404255
A327: Somatom Force | B327: Sn100 | C327: 1x5 | D327: 5 | E327: 1x5 | F327: 0.98684211 | G327: 1.407407
A328: Somatom Force | B328: Sn100 | C328: 1x10 | D328: 10 | E328: 1x10 | F328: 0.98684211 | G328: 1.407407
A329: Somatom Force | B329: Sn100 | C329: 12x1.2 | D329: 14.4 | E329: 12x1.2 | F329: 0.99074074 | G329: 1.421053
A330: Somatom Force | B330: Sn100 | C330: 32x0.6 | D330: 19.2 | E330: 32x0.6 | F330: 0.97674419 | G330: 1.433333
A331: Somatom Force | B331: Sn100 | C331: 32x0.6 | D331: 19.2 | E331: 64x0.6 | F331: 0.97826087 | G331: 1.393939
A332: Somatom Force | B332: Sn100 | C332: 32x0.6 | D332: 19.2 | E332: 64x0.6 | F332: 0.98095238 | G332: 1.405405
A333: Somatom Force | B333: Sn100 | C333: 48x0.6 | D333: 28.8 | E333: 96x0.6 | F333: 0.97894737 | G333: 1.382353
A334: Somatom Force | B334: Sn100 | C334: 64x0.6 | D334: 38.4 | E334: 128x0.6 | F334: 0.98888889 | G334: 1.40625
A335: Somatom Force | B335: Sn100 | C335: 96x0.6 | D335: 57.6 | E335: 192x0.6 | F335: 0.97647059 | G335: 1.4
A336: Somatom Force | B336: Sn100 | C336: 24x1.2 | D336: 28.8 | E336: 24x1.2 | F336: 0.98924731 | G336: 1.424242
... A350: Somatom Force | B350: Sn150 | C350: 48x1.2 | D350: 57.6 | E350: 48x1.2 | F350: 1.0037175 | G350: 1.383886
A351: Somatom Force | B351: 80/Sn150 | C351: 32x0.6 | D351: 19.2 | E351: 64x0.6 | G351: 1.699381
A352: Somatom Force | B352: 80/Sn150 | C352: 64x0.6 | D352: 38.4 | E352: 128x0.6 | G352: 1.697495
A353: Somatom Force | B353: 80/Sn150 | C353: 96x0.6 | D353: 57.6 | E353: 192x0.6 | G353: 1.737806
A354: Somatom Force | B354: 90/Sn150 | C354: 32x0.6 | D354: 19.2 | E354: 64x0.6 | G354: 1.679189
A355: Somatom Force | B355: 90/Sn150 | C355: 64x0.6 | D355: 38.4 | E355: 128x0.6 | G355: 1.657135
A356: Somatom Force | B356: 90/Sn150 | C356: 96x0.6 | D356: 57.6 | E356: 192x0.6 | G356: 1.672563
A357: Somatom Force | B357: 100/Sn150 | C357: 32x0.6 | D357: 19.2 | E357: 64x0.6 | G357: 1.691193
A358: Somatom Force | B358: 100/Sn150 | C358: 64x0.6 | D358: 38.4 | E358: 128x0.6 | G358: 1.609538
A359: Somatom Force | B359: 100/Sn150 | C359: 96x0.6 | D359: 57.6 | E359: 192x0.6 | G359: 1.680341
A360: Somatom Flash (B) | B360: 70 | C360: 2x1 | D360: 2 | E360: 2x1 | G360: 2.428571
A361: Somatom Flash (B) | B361: 70 | C361: 6x0.6 | D361: 3.6 | E361: 6x0.6 | G361: 2.25
A362: Somatom Flash (B) | B362: 70 | C362: 8x0.6 | D362: 2.4 | E362: 16x0.6 | G362: 2.416667
A363: Somatom Flash (B) | B363: 70 | C363: 1x5 | D363: 5 | E363: 1x5 | G363: 2.5
A364: Somatom Flash (B) | B364: 70 | C364: 10x0.6 | D364: 6 | E364: 20x0.6 | G364: 2.222222
A365: Somatom Flash (B) | B365: 70 | C365: 1x10 | D365: 10 | E365: 1x10 | G365: 2.5
...

Sheet Sheet18
A1: Model | B1: scanner_id | C1: manufacturer_id | D1: phantom_diameter | E1: shaped_filter | F1: kv | G1: spectral_filter | H1: coll_N | I1: coll_T | J1: coll_width | K1: ctdi100_center | L1: ctdi_w | M1: scanner_id | N1: manufacturer_id
A2: Confidence 64 | B2: =VLOOKUP(M2,Sheet9!$I$1:$J$17,2,FALSE) -> 8 | C2: =VLOOKUP(N2,Sheet9!$M$1:$N$2,2,FALSE) -> 1 | D2: 16 | E2: Standard | F2: 70 | H2: =_xlfn.NUMBERVALUE( LEFT(Sheet9!C2,SEARCH("x",Sheet9!C2)-1),".") -> 2 | I2: =_xlfn.NUMBERVALUE(RIGHT(Sheet9!C2,LEN(Sheet9!C2)-SEARCH("x",Sheet9!C2,1)),".") -> 1 | J2: =H2*I2 -> 2 | K2: 2.86 | L2: 3.06 | M2: Confidence 64 | N2: Siemens
A3: Confidence 64 | B3: =VLOOKUP(M3,Sheet9!$I$1:$J$17,2,FALSE) -> 8 | C3: =VLOOKUP(N3,Sheet9!$M$1:$N$2,2,FALSE) -> 1 | D3: 16 | E3: Standard | F3: 70 | H3: =_xlfn.NUMBERVALUE( LEFT(Sheet9!C3,SEARCH("x",Sheet9!C3)-1),".") -> 1 | I3: =_xlfn.NUMBERVALUE(RIGHT(Sheet9!C3,LEN(Sheet9!C3)-SEARCH("x",Sheet9!C3,1)),".") -> 5 | J3: =H3*I3 -> 5 | K3: 2.57 | L3: 2.74 | M3: Confidence 64 | N3: Siemens
A4: Confidence 64 | B4: =VLOOKUP(M4,Sheet9!$I$1:$J$17,2,FALSE) -> 8 | C4: =VLOOKUP(N4,Sheet9!$M$1:$N$2,2,FALSE) -> 1 | D4: 16 | E4: Standard | F4: 70 | H4: =_xlfn.NUMBERVALUE( LEFT(Sheet9!C4,SEARCH("x",Sheet9!C4)-1),".") -> 10 | I4: =_xlfn.NUMBERVALUE(RIGHT(Sheet9!C4,LEN(Sheet9!C4)-SEARCH("x",Sheet9!C4,1)),".") -> 0.6 | J4: =H4*I4 -> 6 | K4: 3.41 | L4: 3.63 | M4: Confidence 64 | N4: Siemens
A5: Confidence 64 | B5: =VLOOKUP(M5,Sheet9!$I$1:$J$17,2,FALSE) -> 8 | C5: =VLOOKUP(N5,Sheet9!$M$1:$N$2,2,FALSE) -> 1 | D5: 16 | E5: Standard | F5: 70 | H5: =_xlfn.NUMBERVALUE( LEFT(Sheet9!C5,SEARCH("x",Sheet9!C5)-1),".") -> 6 | I5: =_xlfn.NUMBERVALUE(RIGHT(Sheet9!C5,LEN(Sheet9!C5)-SEARCH("x",Sheet9!C5,1)),".") -> 1.2 | J5: =H5*I5 -> 7.2 | K5: 3.69 | L5: 3.94 | M5: Confidence 64 | N5: Siemens
A6: Confidence 64 | B6: =VLOOKUP(M6,Sheet9!$I$1:$J$17,2,FALSE) -> 8 | C6: =VLOOKUP(N6,Sheet9!$M$1:$N$2,2,FALSE) -> 1 | D6: 16 | E6: Standard | F6: 70 | H6: =_xlfn.NUMBERVALUE( LEFT(Sheet9!C6,SEARCH("x",Sheet9!C6)-1),".") -> 1 | I6: =_xlfn.NUMBERVALUE(RIGHT(Sheet9!C6,LEN(Sheet9!C6)-SEARCH("x",Sheet9!C6,1)),".") -> 10 | J6: =H6*I6 -> 10 | K6: 2.57 | L6: 2.74 | M6: Confidence 64 | N6: Siemens
A7: Confidence 64 | B7: =VLOOKUP(M7,Sheet9!$I$1:$J$17,2,FALSE) -> 8 | C7: =VLOOKUP(N7,Sheet9!$M$1:$N$2,2,FALSE) -> 1 | D7: 16 | E7: Standard | F7: 70 | H7: =_xlfn.NUMBERVALUE( LEFT(Sheet9!C7,SEARCH("x",Sheet9!C7)-1),".") -> 20 | I7: =_xlfn.NUMBERVALUE(RIGHT(Sheet9!C7,LEN(Sheet9!C7)-SEARCH("x",Sheet9!C7,1)),".") -> 0.6 | J7: =H7*I7 -> 12 | K7: 3.48 | L7: 3.7 | M7: Confidence 64 | N7: Siemens
A8: Confidence 64 | B8: =VLOOKUP(M8,Sheet9!$I$1:$J$17,2,FALSE) -> 8 | C8: =VLOOKUP(N8,Sheet9!$M$1:$N$2,2,FALSE) -> 1 | D8: 16 | E8: Standard | F8: 70 | H8: =_xlfn.NUMBERVALUE( LEFT(Sheet9!C8,SEARCH("x",Sheet9!C8)-1),".") -> 12 | I8: =_xlfn.NUMBERVALUE(RIGHT(Sheet9!C8,LEN(Sheet9!C8)-SEARCH("x",Sheet9!C8,1)),".") -> 1.2 | J8: =H8*I8 -> 14.4 | K8: 3.29 | L8: 3.52 | M8: Confidence 64 | N8: Siemens
A9: Confidence 64 | B9: =VLOOKUP(M9,Sheet9!$I$1:$J$17,2,FALSE) -> 8 | C9: =VLOOKUP(N9,Sheet9!$M$1:$N$2,2,FALSE) -> 1 | D9: 16 | E9: Standard | F9: 70 | H9: =_xlfn.NUMBERVALUE( LEFT(Sheet9!C9,SEARCH("x",Sheet9!C9)-1),".") -> 32 | I9: =_xlfn.NUMBERVALUE(RIGHT(Sheet9!C9,LEN(Sheet9!C9)-SEARCH("x",Sheet9!C9,1)),".") -> 0.6 | J9: =H9*I9 -> 19.2 | K9: 3.24 | L9: 3.44 | M9: Confidence 64 | N9: Siemens
A10: Confidence 64 | B10: =VLOOKUP(M10,Sheet9!$I$1:$J$17,2,FALSE) -> 8 | C10: =VLOOKUP(N10,Sheet9!$M$1:$N$2,2,FALSE) -> 1 | D10: 16 | E10: Standard | F10: 70 | H10: =_xlfn.NUMBERVALUE( LEFT(Sheet9!C10,SEARCH("x",Sheet9!C10)-1),".") -> 16 | I10: =_xlfn.NUMBERVALUE(RIGHT(Sheet9!C10,LEN(Sheet9!C10)-SEARCH("x",Sheet9!C10,1)),".") -> 1.2 | J10: =H10*I10 -> 19.2 | K10: 3.15 | L10: 3.37 | M10: Confidence 64 | N10: Siemens
A11: Confidence 64 | B11: =VLOOKUP(M11,Sheet9!$I$1:$J$17,2,FALSE) -> 8 | C11: =VLOOKUP(N11,Sheet9!$M$1:$N$2,2,FALSE) -> 1 | D11: 16 | E11: Standard | F11: 80 | H11: =_xlfn.NUMBERVALUE( LEFT(Sheet9!C11,SEARCH("x",Sheet9!C11)-1),".") -> 2 | I11: =_xlfn.NUMBERVALUE(RIGHT(Sheet9!C11,LEN(Sheet9!C11)-SEARCH("x",Sheet9!C11,1)),".") -> 1 | J11: =H11*I11 -> 2 | K11: 4.57 | L11: 4.77 | M11: Confidence 64 | N11: Siemens
A12: Confidence 64 | B12: =VLOOKUP(M12,Sheet9!$I$1:$J$17,2,FALSE) -> 8 | C12: =VLOOKUP(N12,Sheet9!$M$1:$N$2,2,FALSE) -> 1 | D12: 16 | E12: Standard | F12: 80 | H12: =_xlfn.NUMBERVALUE( LEFT(Sheet9!C12,SEARCH("x",Sheet9!C12)-1),".") -> 1 | I12: =_xlfn.NUMBERVALUE(RIGHT(Sheet9!C12,LEN(Sheet9!C12)-SEARCH("x",Sheet9!C12,1)),".") -> 5 | J12: =H12*I12 -> 5 | K12: 4.1 | L12: 4.28 | M12: Confidence 64 | N12: Siemens
A13: Confidence 64 | B13: =VLOOKUP(M13,Sheet9!$I$1:$J$17,2,FALSE) -> 8 | C13: =VLOOKUP(N13,Sheet9!$M$1:$N$2,2,FALSE) -> 1 | D13: 16 | E13: Standard | F13: 80 | H13: =_xlfn.NUMBERVALUE( LEFT(Sheet9!C13,SEARCH("x",Sheet9!C13)-1),".") -> 10 | I13: =_xlfn.NUMBERVALUE(RIGHT(Sheet9!C13,LEN(Sheet9!C13)-SEARCH("x",Sheet9!C13,1)),".") -> 0.6 | J13: =H13*I13 -> 6 | K13: 5.44 | L13: 5.67 | M13: Confidence 64 | N13: Siemens
... A46: Confidence 64 | B46: =VLOOKUP(M46,Sheet9!$I$1:$J$17,2,FALSE) -> 8 | C46: =VLOOKUP(N46,Sheet9!$M$1:$N$2,2,FALSE) -> 1 | D46: 16 | E46: Standard | F46: 140 | H46: =_xlfn.NUMBERVALUE( LEFT(Sheet9!C46,SEARCH("x",Sheet9!C46)-1),".") -> 16 | I46: =_xlfn.NUMBERVALUE(RIGHT(Sheet9!C46,LEN(Sheet9!C46)-SEARCH("x",Sheet9!C46,1)),".") -> 1.2 | J46: =H46*I46 -> 19.2 | K46: 23.37 | L46: 23.54 | M46: Confidence 64 | N46: Siemens
A47: Confidence 64 | B47: =VLOOKUP(M47,Sheet9!$I$1:$J$17,2,FALSE) -> 8 | C47: =VLOOKUP(N47,Sheet9!$M$1:$N$2,2,FALSE) -> 1 | D47: 16 | E47: Narrow | F47: 70 | H47: 2 | I47: 1 | J47: 2 | K47: 2.54 | L47: 2.55 | M47: Confidence 64 | N47: Siemens
A48: Confidence 64 | B48: =VLOOKUP(M48,Sheet9!$I$1:$J$17,2,FALSE) -> 8 | C48: =VLOOKUP(N48,Sheet9!$M$1:$N$2,2,FALSE) -> 1 | D48: 16 | E48: Narrow | F48: 70 | H48: 1 | I48: 5 | J48: 5 | K48: 2.28 | L48: 2.28 | M48: Confidence 64 | N48: Siemens
A49: Confidence 64 | B49: =VLOOKUP(M49,Sheet9!$I$1:$J$17,2,FALSE) -> 8 | C49: =VLOOKUP(N49,Sheet9!$M$1:$N$2,2,FALSE) -> 1 | D49: 16 | E49: Narrow | F49: 70 | H49: 10 | I49: 0.6 | J49: 6 | K49: 3.02 | L49: 3.01 | M49: Confidence 64 | N49: Siemens
A50: Confidence 64 | B50: =VLOOKUP(M50,Sheet9!$I$1:$J$17,2,FALSE) -> 8 | C50: =VLOOKUP(N50,Sheet9!$M$1:$N$2,2,FALSE) -> 1 | D50: 16 | E50: Narrow | F50: 70 | H50: 6 | I50: 1.2 | J50: 7.2 | K50: 3.28 | L50: 3.28 | M50: Confidence 64 | N50: Siemens
A51: Confidence 64 | B51: =VLOOKUP(M51,Sheet9!$I$1:$J$17,2,FALSE) -> 8 | C51: =VLOOKUP(N51,Sheet9!$M$1:$N$2,2,FALSE) -> 1 | D51: 16 | E51: Narrow | F51: 70 | H51: 1 | I51: 10 | J51: 10 | K51: 2.28 | L51: 2.28 | M51: Confidence 64 | N51: Siemens
A52: Confidence 64 | B52: =VLOOKUP(M52,Sheet9!$I$1:$J$17,2,FALSE) -> 8 | C52: =VLOOKUP(N52,Sheet9!$M$1:$N$2,2,FALSE) -> 1 | D52: 16 | E52: Narrow | F52: 70 | H52: 20 | I52: 0.6 | J52: 12 | K52: 3.08 | L52: 3.07 | M52: Confidence 64 | N52: Siemens
A53: Confidence 64 | B53: =VLOOKUP(M53,Sheet9!$I$1:$J$17,2,FALSE) -> 8 | C53: =VLOOKUP(N53,Sheet9!$M$1:$N$2,2,FALSE) -> 1 | D53: 16 | E53: Narrow | F53: 70 | H53: 12 | I53: 1.2 | J53: 14.4 | K53: 2.93 | L53: 2.93 | M53: Confidence 64 | N53: Siemens
A54: Confidence 64 | B54: =VLOOKUP(M54,Sheet9!$I$1:$J$17,2,FALSE) -> 8 | C54: =VLOOKUP(N54,Sheet9!$M$1:$N$2,2,FALSE) -> 1 | D54: 16 | E54: Narrow | F54: 70 | H54: 32 | I54: 0.6 | J54: 19.2 | K54: 2.87 | L54: 2.86 | M54: Confidence 64 | N54: Siemens
A55: Confidence 64 | B55: =VLOOKUP(M55,Sheet9!$I$1:$J$17,2,FALSE) -> 8 | C55: =VLOOKUP(N55,Sheet9!$M$1:$N$2,2,FALSE) -> 1 | D55: 16 | E55: Narrow | F55: 70 | H55: 16 | I55: 1.2 | J55: 19.2 | K55: 2.8 | L55: 2.8 | M55: Confidence 64 | N55: Siemens
A56: Confidence 64 | B56: =VLOOKUP(M56,Sheet9!$I$1:$J$17,2,FALSE) -> 8 | C56: =VLOOKUP(N56,Sheet9!$M$1:$N$2,2,FALSE) -> 1 | D56: 16 | E56: Narrow | F56: 80 | H56: 2 | I56: 1 | J56: 2 | K56: 4.11 | L56: 4.05 | M56: Confidence 64 | N56: Siemens
A57: Confidence 64 | B57: =VLOOKUP(M57,Sheet9!$I$1:$J$17,2,FALSE) -> 8 | C57: =VLOOKUP(N57,Sheet9!$M$1:$N$2,2,FALSE) -> 1 | D57: 16 | E57: Narrow | F57: 80 | H57: 1 | I57: 5 | J57: 5 | K57: 3.69 | L57: 3.64 | M57: Confidence 64 | N57: Siemens
A58: Confidence 64 | B58: =VLOOKUP(M58,Sheet9!$I$1:$J$17,2,FALSE) -> 8 | C58: =VLOOKUP(N58,Sheet9!$M$1:$N$2,2,FALSE) -> 1 | D58: 16 | E58: Narrow | F58: 80 | H58: 10 | I58: 0.6 | J58: 6 | K58: 4.91 | L58: 4.8 | M58: Confidence 64 | N58: Siemens
... A389: Pro.Pulse A tube | B389: =VLOOKUP(M389,Sheet9!$I$1:$J$17,2,FALSE) -> 14 | C389: =VLOOKUP(N389,Sheet9!$M$1:$N$2,2,FALSE) -> 1 | D389: 16 | E389: Standard | F389: 140 | H389: 64 | I389: 0.6 | J389: 38.4 | K389: 29 | L389: 29.75 | M389: Pro.Pulse A tube | N389: Siemens
A390: Pro.Pulse A tube | B390: =VLOOKUP(M390,Sheet9!$I$1:$J$17,2,FALSE) -> 14 | C390: =VLOOKUP(N390,Sheet9!$M$1:$N$2,2,FALSE) -> 1 | D390: 16 | E390: Standard | F390: 100 | G390: Sn | H390: 1 | I390: 5 | J390: 5 | M390: Pro.Pulse A tube | N390: Siemens
A391: Pro.Pulse A tube | B391: =VLOOKUP(M391,Sheet9!$I$1:$J$17,2,FALSE) -> 14 | C391: =VLOOKUP(N391,Sheet9!$M$1:$N$2,2,FALSE) -> 1 | D391: 16 | E391: Standard | F391: 100 | G391: Sn | H391: 1 | I391: 10 | J391: 10 | M391: Pro.Pulse A tube | N391: Siemens
A392: Pro.Pulse A tube | B392: =VLOOKUP(M392,Sheet9!$I$1:$J$17,2,FALSE) -> 14 | C392: =VLOOKUP(N392,Sheet9!$M$1:$N$2,2,FALSE) -> 1 | D392: 16 | E392: Standard | F392: 100 | G392: Sn | H392: 3 | I392: 3 | J392: 9 | K392: 2.11 | L392: 2.13 | M392: Pro.Pulse A tube | N392: Siemens
A393: Pro.Pulse A tube | B393: =VLOOKUP(M393,Sheet9!$I$1:$J$17,2,FALSE) -> 14 | C393: =VLOOKUP(N393,Sheet9!$M$1:$N$2,2,FALSE) -> 1 | D393: 16 | E393: Standard | F393: 100 | G393: Sn | H393: 3 | I393: 5 | J393: 15 | K393: 1.92 | L393: 1.93 | M393: Pro.Pulse A tube | N393: Siemens
A394: Pro.Pulse A tube | B394: =VLOOKUP(M394,Sheet9!$I$1:$J$17,2,FALSE) -> 14 | C394: =VLOOKUP(N394,Sheet9!$M$1:$N$2,2,FALSE) -> 1 | D394: 16 | E394: Standard | F394: 100 | G394: Sn | H394: 32 | I394: 0.6 | J394: 19.2 | M394: Pro.Pulse A tube | N394: Siemens
A395: Pro.Pulse A tube | B395: =VLOOKUP(M395,Sheet9!$I$1:$J$17,2,FALSE) -> 14 | C395: =VLOOKUP(N395,Sheet9!$M$1:$N$2,2,FALSE) -> 1 | D395: 16 | E395: Standard | F395: 100 | G395: Sn | H395: 64 | I395: 0.6 | J395: 38.4 | K395: 2 | L395: 2.02 | M395: Pro.Pulse A tube | N395: Siemens
A396: Pro.Pulse A tube | B396: =VLOOKUP(M396,Sheet9!$I$1:$J$17,2,FALSE) -> 14 | C396: =VLOOKUP(N396,Sheet9!$M$1:$N$2,2,FALSE) -> 1 | D396: 16 | E396: Standard | F396: 110 | G396: Sn | H396: 1 | I396: 5 | J396: 5 | M396: Pro.Pulse A tube | N396: Siemens
A397: Pro.Pulse A tube | B397: =VLOOKUP(M397,Sheet9!$I$1:$J$17,2,FALSE) -> 14 | C397: =VLOOKUP(N397,Sheet9!$M$1:$N$2,2,FALSE) -> 1 | D397: 16 | E397: Standard | F397: 110 | G397: Sn | H397: 1 | I397: 10 | J397: 10 | M397: Pro.Pulse A tube | N397: Siemens
A398: Pro.Pulse A tube | B398: =VLOOKUP(M398,Sheet9!$I$1:$J$17,2,FALSE) -> 14 | C398: =VLOOKUP(N398,Sheet9!$M$1:$N$2,2,FALSE) -> 1 | D398: 16 | E398: Standard | F398: 110 | G398: Sn | H398: 3 | I398: 3 | J398: 9 | K398: 3.26 | L398: 3.3 | M398: Pro.Pulse A tube | N398: Siemens
A399: Pro.Pulse A tube | B399: =VLOOKUP(M399,Sheet9!$I$1:$J$17,2,FALSE) -> 14 | C399: =VLOOKUP(N399,Sheet9!$M$1:$N$2,2,FALSE) -> 1 | D399: 16 | E399: Standard | F399: 110 | G399: Sn | H399: 3 | I399: 5 | J399: 15 | K399: 2.97 | L399: 3 | M399: Pro.Pulse A tube | N399: Siemens
A400: Pro.Pulse A tube | B400: =VLOOKUP(M400,Sheet9!$I$1:$J$17,2,FALSE) -> 14 | C400: =VLOOKUP(N400,Sheet9!$M$1:$N$2,2,FALSE) -> 1 | D400: 16 | E400: Standard | F400: 110 | G400: Sn | H400: 32 | I400: 0.6 | J400: 19.2 | M400: Pro.Pulse A tube | N400: Siemens
A401: Pro.Pulse A tube | B401: =VLOOKUP(M401,Sheet9!$I$1:$J$17,2,FALSE) -> 14 | C401: =VLOOKUP(N401,Sheet9!$M$1:$N$2,2,FALSE) -> 1 | D401: 16 | E401: Standard | F401: 110 | G401: Sn | H401: 64 | I401: 0.6 | J401: 38.4 | K401: 3.1 | L401: 3.14 | M401: Pro.Pulse A tube | N401: Siemens
A402: Pro.Pulse A tube | B402: =VLOOKUP(M402,Sheet9!$I$1:$J$17,2,FALSE) -> 14 | C402: =VLOOKUP(N402,Sheet9!$M$1:$N$2,2,FALSE) -> 1 | D402: 16 | E402: Standard | F402: 120 | G402: Sn | H402: 1 | I402: 5 | J402: 5 | M402: Pro.Pulse A tube | N402: Siemens
A403: Pro.Pulse A tube | B403: =VLOOKUP(M403,Sheet9!$I$1:$J$17,2,FALSE) -> 14 | C403: =VLOOKUP(N403,Sheet9!$M$1:$N$2,2,FALSE) -> 1 | D403: 16 | E403: Standard | F403: 120 | G403: Sn | H403: 1 | I403: 10 | J403: 10 | M403: Pro.Pulse A tube | N403: Siemens
A404: Pro.Pulse A tube | B404: =VLOOKUP(M404,Sheet9!$I$1:$J$17,2,FALSE) -> 14 | C404: =VLOOKUP(N404,Sheet9!$M$1:$N$2,2,FALSE) -> 1 | D404: 16 | E404: Standard | F404: 120 | G404: Sn | H404: 3 | I404: 3 | J404: 9 | K404: 4.72 | L404: 4.77 | M404: Pro.Pulse A tube | N404: Siemens
A405: Pro.Pulse A tube | B405: =VLOOKUP(M405,Sheet9!$I$1:$J$17,2,FALSE) -> 14 | C405: =VLOOKUP(N405,Sheet9!$M$1:$N$2,2,FALSE) -> 1 | D405: 16 | E405: Standard | F405: 120 | G405: Sn | H405: 3 | I405: 5 | J405: 15 | K405: 4.29 | L405: 4.33 | M405: Pro.Pulse A tube | N405: Siemens
A406: Pro.Pulse A tube | B406: =VLOOKUP(M406,Sheet9!$I$1:$J$17,2,FALSE) -> 14 | C406: =VLOOKUP(N406,Sheet9!$M$1:$N$2,2,FALSE) -> 1 | D406: 16 | E406: Standard | F406: 120 | G406: Sn | H406: 32 | I406: 0.6 | J406: 19.2 | M406: Pro.Pulse A tube | N406: Siemens
A407: Pro.Pulse A tube | B407: =VLOOKUP(M407,Sheet9!$I$1:$J$17,2,FALSE) -> 14 | C407: =VLOOKUP(N407,Sheet9!$M$1:$N$2,2,FALSE) -> 1 | D407: 16 | E407: Standard | F407: 120 | G407: Sn | H407: 64 | I407: 0.6 | J407: 38.4 | K407: 4.47 | L407: 4.53 | M407: Pro.Pulse A tube | N407: Siemens
A408: Pro.Pulse A tube | B408: =VLOOKUP(M408,Sheet9!$I$1:$J$17,2,FALSE) -> 14 | C408: =VLOOKUP(N408,Sheet9!$M$1:$N$2,2,FALSE) -> 1 | D408: 16 | E408: Standard | F408: 130 | G408: Sn | H408: 1 | I408: 5 | J408: 5 | M408: Pro.Pulse A tube | N408: Siemens
A409: Pro.Pulse A tube | B409: =VLOOKUP(M409,Sheet9!$I$1:$J$17,2,FALSE) -> 14 | C409: =VLOOKUP(N409,Sheet9!$M$1:$N$2,2,FALSE) -> 1 | D409: 16 | E409: Standard | F409: 130 | G409: Sn | H409: 1 | I409: 10 | J409: 10 | M409: Pro.Pulse A tube | N409: Siemens
A410: Pro.Pulse A tube | B410: =VLOOKUP(M410,Sheet9!$I$1:$J$17,2,FALSE) -> 14 | C410: =VLOOKUP(N410,Sheet9!$M$1:$N$2,2,FALSE) -> 1 | D410: 16 | E410: Standard | F410: 130 | G410: Sn | H410: 3 | I410: 3 | J410: 9 | K410: 6.47 | L410: 6.55 | M410: Pro.Pulse A tube | N410: Siemens
A411: Pro.Pulse A tube | B411: =VLOOKUP(M411,Sheet9!$I$1:$J$17,2,FALSE) -> 14 | C411: =VLOOKUP(N411,Sheet9!$M$1:$N$2,2,FALSE) -> 1 | D411: 16 | E411: Standard | F411: 130 | G411: Sn | H411: 3 | I411: 5 | J411: 15 | K411: 5.87 | L411: 5.95 | M411: Pro.Pulse A tube | N411: Siemens
A412: Pro.Pulse A tube | B412: =VLOOKUP(M412,Sheet9!$I$1:$J$17,2,FALSE) -> 14 | C412: =VLOOKUP(N412,Sheet9!$M$1:$N$2,2,FALSE) -> 1 | D412: 16 | E412: Standard | F412: 130 | G412: Sn | H412: 32 | I412: 0.6 | J412: 19.2 | M412: Pro.Pulse A tube | N412: Siemens
A413: Pro.Pulse A tube | B413: =VLOOKUP(M413,Sheet9!$I$1:$J$17,2,FALSE) -> 14 | C413: =VLOOKUP(N413,Sheet9!$M$1:$N$2,2,FALSE) -> 1 | D413: 16 | E413: Standard | F413: 130 | G413: Sn | H413: 64 | I413: 0.6 | J413: 38.4 | K413: 6.11 | L413: 6.21 | M413: Pro.Pulse A tube | N413: Siemens
A414: Pro.Pulse A tube | B414: =VLOOKUP(M414,Sheet9!$I$1:$J$17,2,FALSE) -> 14 | C414: =VLOOKUP(N414,Sheet9!$M$1:$N$2,2,FALSE) -> 1 | D414: 16 | E414: Standard | F414: 140 | G414: Sn | H414: 1 | I414: 5 | J414: 5 | M414: Pro.Pulse A tube | N414: Siemens
A415: Pro.Pulse A tube | B415: =VLOOKUP(M415,Sheet9!$I$1:$J$17,2,FALSE) -> 14 | C415: =VLOOKUP(N415,Sheet9!$M$1:$N$2,2,FALSE) -> 1 | D415: 16 | E415: Standard | F415: 140 | G415: Sn | H415: 1 | I415: 10 | J415: 10 | M415: Pro.Pulse A tube | N415: Siemens
A416: Pro.Pulse A tube | B416: =VLOOKUP(M416,Sheet9!$I$1:$J$17,2,FALSE) -> 14 | C416: =VLOOKUP(N416,Sheet9!$M$1:$N$2,2,FALSE) -> 1 | D416: 16 | E416: Standard | F416: 140 | G416: Sn | H416: 3 | I416: 3 | J416: 9 | K416: 8.5 | L416: 8.63 | M416: Pro.Pulse A tube | N416: Siemens
A417: Pro.Pulse A tube | B417: =VLOOKUP(M417,Sheet9!$I$1:$J$17,2,FALSE) -> 14 | C417: =VLOOKUP(N417,Sheet9!$M$1:$N$2,2,FALSE) -> 1 | D417: 16 | E417: Standard | F417: 140 | G417: Sn | H417: 3 | I417: 5 | J417: 15 | K417: 7.73 | L417: 7.83 | M417: Pro.Pulse A tube | N417: Siemens
A418: Pro.Pulse A tube | B418: =VLOOKUP(M418,Sheet9!$I$1:$J$17,2,FALSE) -> 14 | C418: =VLOOKUP(N418,Sheet9!$M$1:$N$2,2,FALSE) -> 1 | D418: 16 | E418: Standard | F418: 140 | G418: Sn | H418: 32 | I418: 0.6 | J418: 19.2 | M418: Pro.Pulse A tube | N418: Siemens
A419: Pro.Pulse A tube | B419: =VLOOKUP(M419,Sheet9!$I$1:$J$17,2,FALSE) -> 14 | C419: =VLOOKUP(N419,Sheet9!$M$1:$N$2,2,FALSE) -> 1 | D419: 16 | E419: Standard | F419: 140 | G419: Sn | H419: 64 | I419: 0.6 | J419: 38.4 | K419: 8.04 | L419: 8.19 | M419: Pro.Pulse A tube | N419: Siemens
A420: Pro.Pulse A tube | B420: =VLOOKUP(M420,Sheet9!$I$1:$J$17,2,FALSE) -> 14 | C420: =VLOOKUP(N420,Sheet9!$M$1:$N$2,2,FALSE) -> 1 | D420: 16 | E420: Narrow | F420: 70 | H420: 1 | I420: 5 | J420: 5 | K420: 3.64 | L420: 3.68 | M420: Pro.Pulse A tube | N420: Siemens
A421: Pro.Pulse A tube | B421: =VLOOKUP(M421,Sheet9!$I$1:$J$17,2,FALSE) -> 14 | C421: =VLOOKUP(N421,Sheet9!$M$1:$N$2,2,FALSE) -> 1 | D421: 16 | E421: Narrow | F421: 70 | H421: 1 | I421: 10 | J421: 10 | K421: 3.61 | L421: 3.63 | M421: Pro.Pulse A tube | N421: Siemens
A422: Pro.Pulse A tube | B422: =VLOOKUP(M422,Sheet9!$I$1:$J$17,2,FALSE) -> 14 | C422: =VLOOKUP(N422,Sheet9!$M$1:$N$2,2,FALSE) -> 1 | D422: 16 | E422: Narrow | F422: 70 | H422: 3 | I422: 3 | J422: 9 | K422: 4.01 | L422: 4.03 | M422: Pro.Pulse A tube | N422: Siemens
A423: Pro.Pulse A tube | B423: =VLOOKUP(M423,Sheet9!$I$1:$J$17,2,FALSE) -> 14 | C423: =VLOOKUP(N423,Sheet9!$M$1:$N$2,2,FALSE) -> 1 | D423: 16 | E423: Narrow | F423: 70 | H423: 3 | I423: 5 | J423: 15 | K423: 3.63 | L423: 3.65 | M423: Pro.Pulse A tube | N423: Siemens
A424: Pro.Pulse A tube | B424: =VLOOKUP(M424,Sheet9!$I$1:$J$17,2,FALSE) -> 14 | C424: =VLOOKUP(N424,Sheet9!$M$1:$N$2,2,FALSE) -> 1 | D424: 16 | E424: Narrow | F424: 70 | H424: 32 | I424: 0.6 | J424: 19.2 | K424: 4.24 | L424: 4.27 | M424: Pro.Pulse A tube | N424: Siemens
A425: Pro.Pulse A tube | B425: =VLOOKUP(M425,Sheet9!$I$1:$J$17,2,FALSE) -> 14 | C425: =VLOOKUP(N425,Sheet9!$M$1:$N$2,2,FALSE) -> 1 | D425: 16 | E425: Narrow | F425: 70 | H425: 64 | I425: 0.6 | J425: 38.4 | K425: 3.74 | L425: 3.77 | M425: Pro.Pulse A tube | N425: Siemens
A426: Pro.Pulse A tube | B426: =VLOOKUP(M426,Sheet9!$I$1:$J$17,2,FALSE) -> 14 | C426: =VLOOKUP(N426,Sheet9!$M$1:$N$2,2,FALSE) -> 1 | D426: 16 | E426: Narrow | F426: 80 | H426: 1 | I426: 5 | J426: 5 | K426: 5.83 | L426: 5.8 | M426: Pro.Pulse A tube | N426: Siemens
A427: Pro.Pulse A tube | B427: =VLOOKUP(M427,Sheet9!$I$1:$J$17,2,FALSE) -> 14 | C427: =VLOOKUP(N427,Sheet9!$M$1:$N$2,2,FALSE) -> 1 | D427: 16 | E427: Narrow | F427: 80 | H427: 1 | I427: 10 | J427: 10 | K427: 5.76 | L427: 5.72 | M427: Pro.Pulse A tube | N427: Siemens
A428: Pro.Pulse A tube | B428: =VLOOKUP(M428,Sheet9!$I$1:$J$17,2,FALSE) -> 14 | C428: =VLOOKUP(N428,Sheet9!$M$1:$N$2,2,FALSE) -> 1 | D428: 16 | E428: Narrow | F428: 80 | H428: 3 | I428: 3 | J428: 9 | K428: 6.39 | L428: 6.36 | M428: Pro.Pulse A tube | N428: Siemens
A429: Pro.Pulse A tube | B429: =VLOOKUP(M429,Sheet9!$I$1:$J$17,2,FALSE) -> 14 | C429: =VLOOKUP(N429,Sheet9!$M$1:$N$2,2,FALSE) -> 1 | D429: 16 | E429: Narrow | F429: 80 | H429: 3 | I429: 5 | J429: 15 | K429: 5.8 | L429: 5.76 | M429: Pro.Pulse A tube | N429: Siemens
A430: Pro.Pulse A tube | B430: =VLOOKUP(M430,Sheet9!$I$1:$J$17,2,FALSE) -> 14 | C430: =VLOOKUP(N430,Sheet9!$M$1:$N$2,2,FALSE) -> 1 | D430: 16 | E430: Narrow | F430: 80 | H430: 32 | I430: 0.6 | J430: 19.2 | K430: 6.79 | L430: 6.74 | M430: Pro.Pulse A tube | N430: Siemens
A431: Pro.Pulse A tube | B431: =VLOOKUP(M431,Sheet9!$I$1:$J$17,2,FALSE) -> 14 | C431: =VLOOKUP(N431,Sheet9!$M$1:$N$2,2,FALSE) -> 1 | D431: 16 | E431: Narrow | F431: 80 | H431: 64 | I431: 0.6 | J431: 38.4 | K431: 5.98 | L431: 5.95 | M431: Pro.Pulse A tube | N431: Siemens
... A467: Pro.Pulse A tube | B467: =VLOOKUP(M467,Sheet9!$I$1:$J$17,2,FALSE) -> 14 | C467: =VLOOKUP(N467,Sheet9!$M$1:$N$2,2,FALSE) -> 1 | D467: 16 | E467: Narrow | F467: 140 | H467: 64 | I467: 0.6 | J467: 38.4 | K467: 26.99 | L467: 26.53 | M467: Pro.Pulse A tube | N467: Siemens
A468: Pro.Pulse A tube | B468: =VLOOKUP(M468,Sheet9!$I$1:$J$17,2,FALSE) -> 14 | C468: =VLOOKUP(N468,Sheet9!$M$1:$N$2,2,FALSE) -> 1 | D468: 16 | E468: Narrow | F468: 100 | G468: Sn | H468: 1 | I468: 5 | J468: 5 | M468: Pro.Pulse A tube | N468: Siemens
A469: Pro.Pulse A tube | B469: =VLOOKUP(M469,Sheet9!$I$1:$J$17,2,FALSE) -> 14 | C469: =VLOOKUP(N469,Sheet9!$M$1:$N$2,2,FALSE) -> 1 | D469: 16 | E469: Narrow | F469: 100 | G469: Sn | H469: 1 | I469: 10 | J469: 10 | M469: Pro.Pulse A tube | N469: Siemens
A470: Pro.Pulse A tube | B470: =VLOOKUP(M470,Sheet9!$I$1:$J$17,2,FALSE) -> 14 | C470: =VLOOKUP(N470,Sheet9!$M$1:$N$2,2,FALSE) -> 1 | D470: 16 | E470: Narrow | F470: 100 | G470: Sn | H470: 3 | I470: 3 | J470: 9 | K470: 1.99 | L470: 1.94 | M470: Pro.Pulse A tube | N470: Siemens
A471: Pro.Pulse A tube | B471: =VLOOKUP(M471,Sheet9!$I$1:$J$17,2,FALSE) -> 14 | C471: =VLOOKUP(N471,Sheet9!$M$1:$N$2,2,FALSE) -> 1 | D471: 16 | E471: Narrow | F471: 100 | G471: Sn | H471: 3 | I471: 5 | J471: 15 | K471: 1.8 | L471: 1.76 | M471: Pro.Pulse A tube | N471: Siemens
A472: Pro.Pulse A tube | B472: =VLOOKUP(M472,Sheet9!$I$1:$J$17,2,FALSE) -> 14 | C472: =VLOOKUP(N472,Sheet9!$M$1:$N$2,2,FALSE) -> 1 | D472: 16 | E472: Narrow | F472: 100 | G472: Sn | H472: 32 | I472: 0.6 | J472: 19.2 | M472: Pro.Pulse A tube | N472: Siemens
A473: Pro.Pulse A tube | B473: =VLOOKUP(M473,Sheet9!$I$1:$J$17,2,FALSE) -> 14 | C473: =VLOOKUP(N473,Sheet9!$M$1:$N$2,2,FALSE) -> 1 | D473: 16 | E473: Narrow | F473: 100 | G473: Sn | H473: 64 | I473: 0.6 | J473: 38.4 | K473: 1.88 | L473: 1.84 | M473: Pro.Pulse A tube | N473: Siemens
A474: Pro.Pulse A tube | B474: =VLOOKUP(M474,Sheet9!$I$1:$J$17,2,FALSE) -> 14 | C474: =VLOOKUP(N474,Sheet9!$M$1:$N$2,2,FALSE) -> 1 | D474: 16 | E474: Narrow | F474: 110 | G474: Sn | H474: 1 | I474: 5 | J474: 5 | M474: Pro.Pulse A tube | N474: Siemens
A475: Pro.Pulse A tube | B475: =VLOOKUP(M475,Sheet9!$I$1:$J$17,2,FALSE) -> 14 | C475: =VLOOKUP(N475,Sheet9!$M$1:$N$2,2,FALSE) -> 1 | D475: 16 | E475: Narrow | F475: 110 | G475: Sn | H475: 1 | I475: 10 | J475: 10 | M475: Pro.Pulse A tube | N475: Siemens
A476: Pro.Pulse A tube | B476: =VLOOKUP(M476,Sheet9!$I$1:$J$17,2,FALSE) -> 14 | C476: =VLOOKUP(N476,Sheet9!$M$1:$N$2,2,FALSE) -> 1 | D476: 16 | E476: Narrow | F476: 110 | G476: Sn | H476: 3 | I476: 3 | J476: 9 | K476: 3.1 | L476: 3.03 | M476: Pro.Pulse A tube | N476: Siemens
A477: Pro.Pulse A tube | B477: =VLOOKUP(M477,Sheet9!$I$1:$J$17,2,FALSE) -> 14 | C477: =VLOOKUP(N477,Sheet9!$M$1:$N$2,2,FALSE) -> 1 | D477: 16 | E477: Narrow | F477: 110 | G477: Sn | H477: 3 | I477: 5 | J477: 15 | K477: 2.81 | L477: 2.74 | M477: Pro.Pulse A tube | N477: Siemens
A478: Pro.Pulse A tube | B478: =VLOOKUP(M478,Sheet9!$I$1:$J$17,2,FALSE) -> 14 | C478: =VLOOKUP(N478,Sheet9!$M$1:$N$2,2,FALSE) -> 1 | D478: 16 | E478: Narrow | F478: 110 | G478: Sn | H478: 32 | I478: 0.6 | J478: 19.2 | M478: Pro.Pulse A tube | N478: Siemens
A479: Pro.Pulse A tube | B479: =VLOOKUP(M479,Sheet9!$I$1:$J$17,2,FALSE) -> 14 | C479: =VLOOKUP(N479,Sheet9!$M$1:$N$2,2,FALSE) -> 1 | D479: 16 | E479: Narrow | F479: 110 | G479: Sn | H479: 64 | I479: 0.6 | J479: 38.4 | K479: 2.92 | L479: 2.86 | M479: Pro.Pulse A tube | N479: Siemens
A480: Pro.Pulse A tube | B480: =VLOOKUP(M480,Sheet9!$I$1:$J$17,2,FALSE) -> 14 | C480: =VLOOKUP(N480,Sheet9!$M$1:$N$2,2,FALSE) -> 1 | D480: 16 | E480: Narrow | F480: 120 | G480: Sn | H480: 1 | I480: 5 | J480: 5 | M480: Pro.Pulse A tube | N480: Siemens
A481: Pro.Pulse A tube | B481: =VLOOKUP(M481,Sheet9!$I$1:$J$17,2,FALSE) -> 14 | C481: =VLOOKUP(N481,Sheet9!$M$1:$N$2,2,FALSE) -> 1 | D481: 16 | E481: Narrow | F481: 120 | G481: Sn | H481: 1 | I481: 10 | J481: 10 | M481: Pro.Pulse A tube | N481: Siemens
A482: Pro.Pulse A tube | B482: =VLOOKUP(M482,Sheet9!$I$1:$J$17,2,FALSE) -> 14 | C482: =VLOOKUP(N482,Sheet9!$M$1:$N$2,2,FALSE) -> 1 | D482: 16 | E482: Narrow | F482: 120 | G482: Sn | H482: 3 | I482: 3 | J482: 9 | K482: 4.48 | L482: 4.39 | M482: Pro.Pulse A tube | N482: Siemens
A483: Pro.Pulse A tube | B483: =VLOOKUP(M483,Sheet9!$I$1:$J$17,2,FALSE) -> 14 | C483: =VLOOKUP(N483,Sheet9!$M$1:$N$2,2,FALSE) -> 1 | D483: 16 | E483: Narrow | F483: 120 | G483: Sn | H483: 3 | I483: 5 | J483: 15 | K483: 4.06 | L483: 3.98 | M483: Pro.Pulse A tube | N483: Siemens
A484: Pro.Pulse A tube | B484: =VLOOKUP(M484,Sheet9!$I$1:$J$17,2,FALSE) -> 14 | C484: =VLOOKUP(N484,Sheet9!$M$1:$N$2,2,FALSE) -> 1 | D484: 16 | E484: Narrow | F484: 120 | G484: Sn | H484: 32 | I484: 0.6 | J484: 19.2 | M484: Pro.Pulse A tube | N484: Siemens
A485: Pro.Pulse A tube | B485: =VLOOKUP(M485,Sheet9!$I$1:$J$17,2,FALSE) -> 14 | C485: =VLOOKUP(N485,Sheet9!$M$1:$N$2,2,FALSE) -> 1 | D485: 16 | E485: Narrow | F485: 120 | G485: Sn | H485: 64 | I485: 0.6 | J485: 38.4 | K485: 4.23 | L485: 4.15 | M485: Pro.Pulse A tube | N485: Siemens
A486: Pro.Pulse A tube | B486: =VLOOKUP(M486,Sheet9!$I$1:$J$17,2,FALSE) -> 14 | C486: =VLOOKUP(N486,Sheet9!$M$1:$N$2,2,FALSE) -> 1 | D486: 16 | E486: Narrow | F486: 130 | G486: Sn | H486: 1 | I486: 5 | J486: 5 | M486: Pro.Pulse A tube | N486: Siemens
A487: Pro.Pulse A tube | B487: =VLOOKUP(M487,Sheet9!$I$1:$J$17,2,FALSE) -> 14 | C487: =VLOOKUP(N487,Sheet9!$M$1:$N$2,2,FALSE) -> 1 | D487: 16 | E487: Narrow | F487: 130 | G487: Sn | H487: 1 | I487: 10 | J487: 10 | M487: Pro.Pulse A tube | N487: Siemens
A488: Pro.Pulse A tube | B488: =VLOOKUP(M488,Sheet9!$I$1:$J$17,2,FALSE) -> 14 | C488: =VLOOKUP(N488,Sheet9!$M$1:$N$2,2,FALSE) -> 1 | D488: 16 | E488: Narrow | F488: 130 | G488: Sn | H488: 3 | I488: 3 | J488: 9 | K488: 6.15 | L488: 6.04 | M488: Pro.Pulse A tube | N488: Siemens
A489: Pro.Pulse A tube | B489: =VLOOKUP(M489,Sheet9!$I$1:$J$17,2,FALSE) -> 14 | C489: =VLOOKUP(N489,Sheet9!$M$1:$N$2,2,FALSE) -> 1 | D489: 16 | E489: Narrow | F489: 130 | G489: Sn | H489: 3 | I489: 5 | J489: 15 | K489: 5.58 | L489: 5.48 | M489: Pro.Pulse A tube | N489: Siemens
A490: Pro.Pulse A tube | B490: =VLOOKUP(M490,Sheet9!$I$1:$J$17,2,FALSE) -> 14 | C490: =VLOOKUP(N490,Sheet9!$M$1:$N$2,2,FALSE) -> 1 | D490: 16 | E490: Narrow | F490: 130 | G490: Sn | H490: 32 | I490: 0.6 | J490: 19.2 | M490: Pro.Pulse A tube | N490: Siemens
A491: Pro.Pulse A tube | B491: =VLOOKUP(M491,Sheet9!$I$1:$J$17,2,FALSE) -> 14 | C491: =VLOOKUP(N491,Sheet9!$M$1:$N$2,2,FALSE) -> 1 | D491: 16 | E491: Narrow | F491: 130 | G491: Sn | H491: 64 | I491: 0.6 | J491: 38.4 | K491: 5.8 | L491: 5.71 | M491: Pro.Pulse A tube | N491: Siemens
A492: Pro.Pulse A tube | B492: =VLOOKUP(M492,Sheet9!$I$1:$J$17,2,FALSE) -> 14 | C492: =VLOOKUP(N492,Sheet9!$M$1:$N$2,2,FALSE) -> 1 | D492: 16 | E492: Narrow | F492: 140 | G492: Sn | H492: 1 | I492: 5 | J492: 5 | M492: Pro.Pulse A tube | N492: Siemens
A493: Pro.Pulse A tube | B493: =VLOOKUP(M493,Sheet9!$I$1:$J$17,2,FALSE) -> 14 | C493: =VLOOKUP(N493,Sheet9!$M$1:$N$2,2,FALSE) -> 1 | D493: 16 | E493: Narrow | F493: 140 | G493: Sn | H493: 1 | I493: 10 | J493: 10 | M493: Pro.Pulse A tube | N493: Siemens
A494: Pro.Pulse A tube | B494: =VLOOKUP(M494,Sheet9!$I$1:$J$17,2,FALSE) -> 14 | C494: =VLOOKUP(N494,Sheet9!$M$1:$N$2,2,FALSE) -> 1 | D494: 16 | E494: Narrow | F494: 140 | G494: Sn | H494: 3 | I494: 3 | J494: 9 | K494: 8.13 | L494: 8.01 | M494: Pro.Pulse A tube | N494: Siemens
A495: Pro.Pulse A tube | B495: =VLOOKUP(M495,Sheet9!$I$1:$J$17,2,FALSE) -> 14 | C495: =VLOOKUP(N495,Sheet9!$M$1:$N$2,2,FALSE) -> 1 | D495: 16 | E495: Narrow | F495: 140 | G495: Sn | H495: 3 | I495: 5 | J495: 15 | K495: 7.36 | L495: 7.25 | M495: Pro.Pulse A tube | N495: Siemens
A496: Pro.Pulse A tube | B496: =VLOOKUP(M496,Sheet9!$I$1:$J$17,2,FALSE) -> 14 | C496: =VLOOKUP(N496,Sheet9!$M$1:$N$2,2,FALSE) -> 1 | D496: 16 | E496: Narrow | F496: 140 | G496: Sn | H496: 32 | I496: 0.6 | J496: 19.2 | M496: Pro.Pulse A tube | N496: Siemens
A497: Pro.Pulse A tube | B497: =VLOOKUP(M497,Sheet9!$I$1:$J$17,2,FALSE) -> 14 | C497: =VLOOKUP(N497,Sheet9!$M$1:$N$2,2,FALSE) -> 1 | D497: 16 | E497: Narrow | F497: 140 | G497: Sn | H497: 64 | I497: 0.6 | J497: 38.4 | K497: 7.64 | L497: 7.55 | M497: Pro.Pulse A tube | N497: Siemens
...

Sheet Pro.Pulse
A1: 16 cm phantom, Standard shaped filter (Routine head)
C2: Tube A | I2: Tube B
B3: Collimation | C3: 1x5 | D3: 1x10 | E3: 3x3 | F3: 3x5 | G3: 32x0.6 | H3: 64x0.6 | I3: 32x0.6 | J3: 64x0.6
B4: Acquisition | C4: 1x5 | D4: 1x10 | E4: 3x3 | F4: 3x5 | G4: 32x0.6 | H4: 64x0.6 | I4: 32x0.6 | J4: 64x0.6
A5: kV
A6: 70 | B6: Center | C6: 4.07 | D6: 4.01 | E6: 4.45 | F6: 4.04 | G6: 4.73 | H6: 4.18 | J6: 4.4
B7: CTDIw | C7: 4.39 | D7: 4.32 | E7: 4.8 | F7: 4.35 | G7: 5.1 | H7: 4.52 | J7: 4.74
B8: k | C8: =IF(OR(C6="",C7=""),"",C7/C6) -> 1.0786241 | D8: =IF(OR(D6="",D7=""),"",D7/D6) -> 1.0773067 | E8: =IF(OR(E6="",E7=""),"",E7/E6) -> 1.0786517 | F8: =IF(OR(F6="",F7=""),"",F7/F6) -> 1.0767327 | G8: =IF(OR(G6="",G7=""),"",G7/G6) -> 1.0782241 | H8: =IF(OR(H6="",H7=""),"",H7/H6) -> 1.0813397 | I8: =IF(OR(I6="",I7=""),"",I7/I6) | J8: =IF(OR(J6="",J7=""),"",J7/J6) -> 1.0772727
A9: 80 | B9: Center | C9: 6.44 | D9: 6.34 | E9: 7.04 | F9: 6.39 | G9: 7.49 | H9: 6.61 | J9: 6.92
B10: CTDIw | C10: 6.81 | D10: 6.69 | E10: 7.43 | F10: 6.74 | G10: 7.9 | H10: 7 | J10: 7.32
B11: k | C11: =IF(OR(C9="",C10=""),"",C10/C9) -> 1.0574534 | D11: =IF(OR(D9="",D10=""),"",D10/D9) -> 1.055205 | E11: =IF(OR(E9="",E10=""),"",E10/E9) -> 1.0553977 | F11: =IF(OR(F9="",F10=""),"",F10/F9) -> 1.0547731 | G11: =IF(OR(G9="",G10=""),"",G10/G9) -> 1.0547397 | H11: =IF(OR(H9="",H10=""),"",H10/H9) -> 1.0590015 | I11: =IF(OR(I9="",I10=""),"",I10/I9) | J11: =IF(OR(J9="",J10=""),"",J10/J9) -> 1.0578035
A12: 90 | B12: Center | C12: 9.29 | D12: 9.13 | E12: 10.14 | F12: 9.2 | G12: 10.77 | H12: 9.51 | J12: 9.92
B13: CTDIw | C13: 9.69 | D13: 9.53 | E13: 10.59 | F13: 9.6 | G13: 11.25 | H13: 9.96 | J13: 10.38
B14: k | C14: =IF(OR(C12="",C13=""),"",C13/C12) -> 1.0430571 | D14: =IF(OR(D12="",D13=""),"",D13/D12) -> 1.0438116 | E14: =IF(OR(E12="",E13=""),"",E13/E12) -> 1.0443787 | F14: =IF(OR(F12="",F13=""),"",F13/F12) -> 1.0434783 | G14: =IF(OR(G12="",G13=""),"",G13/G12) -> 1.0445682 | H14: =IF(OR(H12="",H13=""),"",H13/H12) -> 1.0473186 | I14: =IF(OR(I12="",I13=""),"",I13/I12) | J14: =IF(OR(J12="",J13=""),"",J13/J12) -> 1.046371
A15: 100 | B15: Center | C15: 12.52 | D15: 12.31 | E15: 13.68 | F15: 12.42 | G15: 14.53 | H15: 12.81 | J15: 13.32
B16: CTDIw | C16: 12.96 | D16: 12.75 | E16: 14.17 | F16: 12.85 | G16: 15.04 | H16: 13.3 | J16: 13.84
B17: k | C17: =IF(OR(C15="",C16=""),"",C16/C15) -> 1.0351438 | D17: =IF(OR(D15="",D16=""),"",D16/D15) -> 1.0357433 | E17: =IF(OR(E15="",E16=""),"",E16/E15) -> 1.0358187 | F17: =IF(OR(F15="",F16=""),"",F16/F15) -> 1.0346216 | G17: =IF(OR(G15="",G16=""),"",G16/G15) -> 1.0350998 | H17: =IF(OR(H15="",H16=""),"",H16/H15) -> 1.0382514 | I17: =IF(OR(I15="",I16=""),"",I16/I15) | J17: =IF(OR(J15="",J16=""),"",J16/J15) -> 1.039039
A18: 110 | B18: Center | C18: 15.99 | D18: 15.79 | E18: 17.54 | F18: 15.9 | G18: 18.64 | H18: 16.42 | J18: 17.02
B19: CTDIw | C19: 16.57 | D19: 16.3 | E19: 18.11 | F19: 16.4 | G19: 19.21 | H19: 16.98 | J19: 17.62
B20: k | C20: =IF(OR(C18="",C19=""),"",C19/C18) -> 1.0362727 | D20: =IF(OR(D18="",D19=""),"",D19/D18) -> 1.0322989 | E20: =IF(OR(E18="",E19=""),"",E19/E18) -> 1.0324971 | F20: =IF(OR(F18="",F19=""),"",F19/F18) -> 1.0314465 | G20: =IF(OR(G18="",G19=""),"",G19/G18) -> 1.0305794 | H20: =IF(OR(H18="",H19=""),"",H19/H18) -> 1.0341048 | I20: =IF(OR(I18="",I19=""),"",I19/I18) | J20: =IF(OR(J18="",J19=""),"",J19/J18) -> 1.0352526
A21: 120 | B21: Center | C21: 19.92 | D21: 19.6 | E21: 21.77 | F21: 19.71 | G21: 23.08 | H21: 20.34 | J21: 21.08
B22: CTDIw | C22: 20.5 | D22: 20.13 | E22: 22.37 | F22: 20.26 | G22: 23.73 | H22: 20.96 | J22: 21.72
B23: k | C23: =IF(OR(C21="",C22=""),"",C22/C21) -> 1.0291165 | D23: =IF(OR(D21="",D22=""),"",D22/D21) -> 1.0270408 | E23: =IF(OR(E21="",E22=""),"",E22/E21) -> 1.0275609 | F23: =IF(OR(F21="",F22=""),"",F22/F21) -> 1.0279046 | G23: =IF(OR(G21="",G22=""),"",G22/G21) -> 1.0281629 | H23: =IF(OR(H21="",H22=""),"",H22/H21) -> 1.0304818 | I23: =IF(OR(I21="",I22=""),"",I22/I21) | J23: =IF(OR(J21="",J22=""),"",J22/J21) -> 1.0303605
A24: 130 | B24: Center | C24: 24.1 | D24: 23.69 | E24: 26.32 | F24: 23.81 | G24: 27.89 | H24: 24.52 | J24: 25.36
B25: CTDIw | C25: 24.72 | D25: 24.26 | E25: 26.95 | F25: 24.41 | G25: 28.57 | H25: 25.22 | J25: 26.1
B26: k | C26: =IF(OR(C24="",C25=""),"",C25/C24) -> 1.0257261 | D26: =IF(OR(D24="",D25=""),"",D25/D24) -> 1.0240608 | E26: =IF(OR(E24="",E25=""),"",E25/E24) -> 1.0239362 | F26: =IF(OR(F24="",F25=""),"",F25/F24) -> 1.0251995 | G26: =IF(OR(G24="",G25=""),"",G25/G24) -> 1.0243815 | H26: =IF(OR(H24="",H25=""),"",H25/H24) -> 1.0285481 | I26: =IF(OR(I24="",I25=""),"",I25/I24) | J26: =IF(OR(J24="",J25=""),"",J25/J24) -> 1.0291798
A27: 140 | B27: Center | C27: 28.32 | D27: 27.94 | E27: 31.04 | F27: 28.13 | G27: 23.89 | H27: 29 | J27: 30
B28: CTDIw | C28: 29.08 | D28: 28.6 | E28: 31.78 | F28: 28.77 | G28: 33.69 | H28: 29.75 | J28: 30.77
B29: k | C29: =IF(OR(C27="",C28=""),"",C28/C27) -> 1.0268362 | D29: =IF(OR(D27="",D28=""),"",D28/D27) -> 1.023622 | E29: =IF(OR(E27="",E28=""),"",E28/E27) -> 1.0238402 | F29: =IF(OR(F27="",F28=""),"",F28/F27) -> 1.0227515 | G29: =IF(OR(G27="",G28=""),"",G28/G27) -> 1.4102135 | H29: =IF(OR(H27="",H28=""),"",H28/H27) -> 1.0258621 | I29: =IF(OR(I27="",I28=""),"",I28/I27) | J29: =IF(OR(J27="",J28=""),"",J28/J27) -> 1.0256667
A30: 100Sn | B30: Center | E30: 2.11 | F30: 1.92 | H30: 2 | I30: 2.41 | J30: 2.08
B31: CTDIw | E31: 2.13 | F31: 1.93 | H31: 2.02 | I31: 2.42 | J31: 2.11
B32: k | C32: =IF(OR(C30="",C31=""),"",C31/C30) | D32: =IF(OR(D30="",D31=""),"",D31/D30) | E32: =IF(OR(E30="",E31=""),"",E31/E30) -> 1.0094787 | F32: =IF(OR(F30="",F31=""),"",F31/F30) -> 1.0052083 | G32: =IF(OR(G30="",G31=""),"",G31/G30) | H32: =IF(OR(H30="",H31=""),"",H31/H30) -> 1.01 | I32: =IF(OR(I30="",I31=""),"",I31/I30) -> 1.0041494 | J32: =IF(OR(J30="",J31=""),"",J31/J30) -> 1.0144231
A33: 110Sn | B33: Center | E33: 3.26 | F33: 2.97 | H33: 3.1 | I33: 3.71 | J33: 3.22
B34: CTDIw | E34: 3.3 | F34: 3 | H34: 3.14 | I34: 3.7 | J34: 3.26
B35: k | C35: =IF(OR(C33="",C34=""),"",C34/C33) | D35: =IF(OR(D33="",D34=""),"",D34/D33) | E35: =IF(OR(E33="",E34=""),"",E34/E33) -> 1.0122699 | F35: =IF(OR(F33="",F34=""),"",F34/F33) -> 1.010101 | G35: =IF(OR(G33="",G34=""),"",G34/G33) | H35: =IF(OR(H33="",H34=""),"",H34/H33) -> 1.0129032 | I35: =IF(OR(I33="",I34=""),"",I34/I33) -> 0.99730458 | J35: =IF(OR(J33="",J34=""),"",J34/J33) -> 1.0124224
A36: 120Sn | B36: Center | E36: 4.72 | F36: 4.29 | H36: 4.47 | I36: 5.35 | J36: 4.63
B37: CTDIw | E37: 4.77 | F37: 4.33 | H37: 4.53 | I37: 5.41 | J37: 4.69
B38: k | C38: =IF(OR(C36="",C37=""),"",C37/C36) | D38: =IF(OR(D36="",D37=""),"",D37/D36) | E38: =IF(OR(E36="",E37=""),"",E37/E36) -> 1.0105932 | F38: =IF(OR(F36="",F37=""),"",F37/F36) -> 1.009324 | G38: =IF(OR(G36="",G37=""),"",G37/G36) | H38: =IF(OR(H36="",H37=""),"",H37/H36) -> 1.0134228 | I38: =IF(OR(I36="",I37=""),"",I37/I36) -> 1.011215 | J38: =IF(OR(J36="",J37=""),"",J37/J36) -> 1.012959
A39: 130Sn | B39: Center | E39: 6.47 | F39: 5.87 | H39: 6.11 | I39: 7.33 | J39: 6.33
B40: CTDIw | E40: 6.55 | F40: 5.95 | H40: 6.21 | I40: 7.41 | J40: 6.43
B41: k | C41: =IF(OR(C39="",C40=""),"",C40/C39) | D41: =IF(OR(D39="",D40=""),"",D40/D39) | E41: =IF(OR(E39="",E40=""),"",E40/E39) -> 1.0123648 | F41: =IF(OR(F39="",F40=""),"",F40/F39) -> 1.0136286 | G41: =IF(OR(G39="",G40=""),"",G40/G39) | H41: =IF(OR(H39="",H40=""),"",H40/H39) -> 1.0163666 | I41: =IF(OR(I39="",I40=""),"",I40/I39) -> 1.0109141 | J41: =IF(OR(J39="",J40=""),"",J40/J39) -> 1.0157978
A42: 140Sn | B42: Center | E42: 8.5 | F42: 7.73 | H42: 8.04 | I42: 9.62 | J42: 8.32
B43: CTDIw | E43: 8.63 | F43: 7.83 | H43: 8.19 | I43: 9.75 | J43: 8.46
B44: k | C44: =IF(OR(C42="",C43=""),"",C43/C42) | D44: =IF(OR(D42="",D43=""),"",D43/D42) | E44: =IF(OR(E42="",E43=""),"",E43/E42) -> 1.0152941 | F44: =IF(OR(F42="",F43=""),"",F43/F42) -> 1.0129366 | G44: =IF(OR(G42="",G43=""),"",G43/G42) | H44: =IF(OR(H42="",H43=""),"",H43/H42) -> 1.0186567 | I44: =IF(OR(I42="",I43=""),"",I43/I42) -> 1.0135135 | J44: =IF(OR(J42="",J43=""),"",J43/J42) -> 1.0168269
A46: 16 cm phantom, Narrow shaped filter
C47: Tube A | I47: Tube B
B48: Collimation | C48: 1x5 | D48: 1x10 | E48: 3x3 | F48: 3x5 | G48: 32x0.6 | H48: 64x0.6 | I48: 32x0.6 | J48: 64x0.6
B49: Acquisition | C49: 1x5 | D49: 1x10 | E49: 3x3 | F49: 3x5 | G49: 32x0.6 | H49: 64x0.6 | I49: 32x0.6 | J49: 64x0.6
A50: kV
A51: 70 | B51: Center | C51: 3.64 | D51: 3.61 | E51: 4.01 | F51: 3.63 | G51: 4.24 | H51: 3.74 | J51: 3.93
B52: CTDIw | C52: 3.68 | D52: 3.63 | E52: 4.03 | F52: 3.65 | G52: 4.27 | H52: 3.77 | J52: 3.97
B53: k | C53: =IF(OR(C51="",C52=""),"",C52/C51) -> 1.010989 | D53: =IF(OR(D51="",D52=""),"",D52/D51) -> 1.0055402 | E53: =IF(OR(E51="",E52=""),"",E52/E51) -> 1.0049875 | F53: =IF(OR(F51="",F52=""),"",F52/F51) -> 1.0055096 | G53: =IF(OR(G51="",G52=""),"",G52/G51) -> 1.0070755 | H53: =IF(OR(H51="",H52=""),"",H52/H51) -> 1.0080214 | I53: =IF(OR(I51="",I52=""),"",I52/I51) | J53: =IF(OR(J51="",J52=""),"",J52/J51) -> 1.0101781
A54: 80 | B54: Center | C54: 5.83 | D54: 5.76 | E54: 6.39 | F54: 5.8 | G54: 6.79 | H54: 5.98 | J54: 6.25
B55: CTDIw | C55: 5.8 | D55: 5.72 | E55: 6.36 | F55: 5.76 | G55: 6.74 | H55: 5.95 | J55: 6.23
B56: k | C56: =IF(OR(C54="",C55=""),"",C55/C54) -> 0.9948542 | D56: =IF(OR(D54="",D55=""),"",D55/D54) -> 0.99305556 | E56: =IF(OR(E54="",E55=""),"",E55/E54) -> 0.99530516 | F56: =IF(OR(F54="",F55=""),"",F55/F54) -> 0.99310345 | G56: =IF(OR(G54="",G55=""),"",G55/G54) -> 0.99263623 | H56: =IF(OR(H54="",H55=""),"",H55/H54) -> 0.99498328 | I56: =IF(OR(I54="",I55=""),"",I55/I54) | J56: =IF(OR(J54="",J55=""),"",J55/J54) -> 0.9968
A57: 90 | B57: Center | C57: 8.5 | D57: 8.35 | E57: 9.28 | F57: 8.41 | G57: 9.84 | H57: 8.66 | J57: 9.04
B58: CTDIw | C58: 8.39 | D58: 8.25 | E58: 9.17 | F58: 8.3 | G58: 9.72 | H58: 8.58 | J58: 8.95
B59: k | C59: =IF(OR(C57="",C58=""),"",C58/C57) -> 0.98705882 | D59: =IF(OR(D57="",D58=""),"",D58/D57) -> 0.98802395 | E59: =IF(OR(E57="",E58=""),"",E58/E57) -> 0.98814655 | F59: =IF(OR(F57="",F58=""),"",F58/F57) -> 0.98692033 | G59: =IF(OR(G57="",G58=""),"",G58/G57) -> 0.98780488 | H59: =IF(OR(H57="",H58=""),"",H58/H57) -> 0.99076212 | I59: =IF(OR(I57="",I58=""),"",I58/I57) | J59: =IF(OR(J57="",J58=""),"",J58/J57) -> 0.99004425
A60: 100 | B60: Center | C60: 11.51 | D60: 11.35 | E60: 12.61 | F60: 11.4 | G60: 13.35 | H60: 11.73 | J60: 12.22
B61: CTDIw | C61: 11.33 | D61: 11.16 | E61: 12.4 | F61: 11.2 | G61: 13.12 | H61: 11.57 | J61: 12.05
B62: k | C62: =IF(OR(C60="",C61=""),"",C61/C60) -> 0.98436142 | D62: =IF(OR(D60="",D61=""),"",D61/D60) -> 0.98325991 | E62: =IF(OR(E60="",E61=""),"",E61/E60) -> 0.98334655 | F62: =IF(OR(F60="",F61=""),"",F61/F60) -> 0.98245614 | G62: =IF(OR(G60="",G61=""),"",G61/G60) -> 0.98277154 | H62: =IF(OR(H60="",H61=""),"",H61/H60) -> 0.98635976 | I62: =IF(OR(I60="",I61=""),"",I61/I60) | J62: =IF(OR(J60="",J61=""),"",J61/J60) -> 0.98608838
A63: 110 | B63: Center | C63: 16.9 | D63: 16.65 | E63: 16.28 | F63: 14.72 | G63: 17.19 | H63: 15.1 | J63: 15.7
B64: CTDIw | C64: 16.62 | D64: 14.38 | E64: 15.98 | F64: 14.44 | G64: 16.88 | H64: 14.88 | J64: 15.46
B65: k | C65: =IF(OR(C63="",C64=""),"",C64/C63) -> 0.98343195 | D65: =IF(OR(D63="",D64=""),"",D64/D63) -> 0.86366366 | E65: =IF(OR(E63="",E64=""),"",E64/E63) -> 0.98157248 | F65: =IF(OR(F63="",F64=""),"",F64/F63) -> 0.98097826 | G65: =IF(OR(G63="",G64=""),"",G64/G63) -> 0.98196626 | H65: =IF(OR(H63="",H64=""),"",H64/H63) -> 0.98543046 | I65: =IF(OR(I63="",I64=""),"",I64/I63) | J65: =IF(OR(J63="",J64=""),"",J64/J63) -> 0.98471338
A66: 120 | B66: Center | C66: 18.54 | D66: 18.2 | E66: 20.22 | F66: 18.27 | G66: 21.41 | H66: 18.8 | J66: 19.52
B67: CTDIw | C67: 18.19 | D67: 17.86 | E67: 19.84 | F67: 17.92 | G67: 20.99 | H67: 18.49 | J67: 19.18
B68: k | C68: =IF(OR(C66="",C67=""),"",C67/C66) -> 0.9811219 | D68: =IF(OR(D66="",D67=""),"",D67/D66) -> 0.98131868 | E68: =IF(OR(E66="",E67=""),"",E67/E66) -> 0.98120673 | F68: =IF(OR(F66="",F67=""),"",F67/F66) -> 0.98084291 | G68: =IF(OR(G66="",G67=""),"",G67/G66) -> 0.980383 | H68: =IF(OR(H66="",H67=""),"",H67/H66) -> 0.98351064 | I68: =IF(OR(I66="",I67=""),"",I67/I66) | J68: =IF(OR(J66="",J67=""),"",J67/J66) -> 0.98258197
A69: 130 | B69: Center | C69: 22.44 | D69: 22.05 | E69: 24.49 | F69: 22.15 | G69: 25.92 | H69: 22.75 | J69: 23.57
B70: CTDIw | C70: 22.01 | D70: 21.61 | E70: 24.01 | F70: 21.7 | G70: 25.41 | H70: 22.37 | J70: 23.18
B71: k | C71: =IF(OR(C69="",C70=""),"",C70/C69) -> 0.98083779 | D71: =IF(OR(D69="",D70=""),"",D70/D69) -> 0.98004535 | E71: =IF(OR(E69="",E70=""),"",E70/E69) -> 0.98040016 | F71: =IF(OR(F69="",F70=""),"",F70/F69) -> 0.97968397 | G71: =IF(OR(G69="",G70=""),"",G70/G69) -> 0.98032407 | H71: =IF(OR(H69="",H70=""),"",H70/H69) -> 0.9832967 | I71: =IF(OR(I69="",I70=""),"",I70/I69) | J71: =IF(OR(J69="",J70=""),"",J70/J69) -> 0.98345354
A72: 140 | B72: Center | C72: 26.59 | D72: 26.16 | E72: 29.06 | F72: 26.26 | G72: 30.73 | H72: 26.99 | J72: 27.92
B73: CTDIw | C73: 26.09 | D73: 25.66 | E73: 28.53 | F73: 25.74 | G73: 30.1 | H73: 26.53 | J73: 27.46
B74: k | C74: =IF(OR(C72="",C73=""),"",C73/C72) -> 0.98119594 | D74: =IF(OR(D72="",D73=""),"",D73/D72) -> 0.98088685 | E74: =IF(OR(E72="",E73=""),"",E73/E72) -> 0.98176187 | F74: =IF(OR(F72="",F73=""),"",F73/F72) -> 0.98019802 | G74: =IF(OR(G72="",G73=""),"",G73/G72) -> 0.97949886 | H74: =IF(OR(H72="",H73=""),"",H73/H72) -> 0.98295665 | I74: =IF(OR(I72="",I73=""),"",I73/I72) | J74: =IF(OR(J72="",J73=""),"",J73/J72) -> 0.98352436
A75: 100Sn | B75: Center | E75: 1.99 | F75: 1.8 | H75: 1.88 | I75: 2.26 | J75: 1.96
B76: CTDIw | E76: 1.94 | F76: 1.76 | H76: 1.84 | I76: 2.2 | J76: 1.91
B77: k | C77: =IF(OR(C75="",C76=""),"",C76/C75) | D77: =IF(OR(D75="",D76=""),"",D76/D75) | E77: =IF(OR(E75="",E76=""),"",E76/E75) -> 0.97487437 | F77: =IF(OR(F75="",F76=""),"",F76/F75) -> 0.97777778 | G77: =IF(OR(G75="",G76=""),"",G76/G75) | H77: =IF(OR(H75="",H76=""),"",H76/H75) -> 0.9787234 | I77: =IF(OR(I75="",I76=""),"",I76/I75) -> 0.97345133 | J77: =IF(OR(J75="",J76=""),"",J76/J75) -> 0.9744898
A78: 110Sn | B78: Center | E78: 3.1 | F78: 2.81 | H78: 2.92 | I78: 3.51 | J78: 3.04
B79: CTDIw | E79: 3.03 | F79: 2.74 | H79: 2.86 | I79: 3.43 | J79: 2.97
B80: k | C80: =IF(OR(C78="",C79=""),"",C79/C78) | D80: =IF(OR(D78="",D79=""),"",D79/D78) | E80: =IF(OR(E78="",E79=""),"",E79/E78) -> 0.97741935 | F80: =IF(OR(F78="",F79=""),"",F79/F78) -> 0.97508897 | G80: =IF(OR(G78="",G79=""),"",G79/G78) | H80: =IF(OR(H78="",H79=""),"",H79/H78) -> 0.97945205 | I80: =IF(OR(I78="",I79=""),"",I79/I78) -> 0.97720798 | J80: =IF(OR(J78="",J79=""),"",J79/J78) -> 0.97697368
A81: 120Sn | B81: Center | E81: 4.48 | F81: 4.06 | H81: 4.23 | I81: 5.08 | J81: 4.39
B82: CTDIw | E82: 4.39 | F82: 3.98 | H82: 4.15 | I82: 4.97 | J82: 4.31
B83: k | C83: =IF(OR(C81="",C82=""),"",C82/C81) | D83: =IF(OR(D81="",D82=""),"",D82/D81) | E83: =IF(OR(E81="",E82=""),"",E82/E81) -> 0.97991071 | F83: =IF(OR(F81="",F82=""),"",F82/F81) -> 0.98029557 | G83: =IF(OR(G81="",G82=""),"",G82/G81) | H83: =IF(OR(H81="",H82=""),"",H82/H81) -> 0.98108747 | I83: =IF(OR(I81="",I82=""),"",I82/I81) -> 0.97834646 | J83: =IF(OR(J81="",J82=""),"",J82/J81) -> 0.98177677
A84: 130Sn | B84: Center | E84: 6.15 | F84: 5.58 | H84: 5.8 | I84: 6.96 | J84: 6.01
B85: CTDIw | E85: 6.04 | F85: 5.48 | H85: 5.71 | I85: 6.83 | J85: 5.92
B86: k | C86: =IF(OR(C84="",C85=""),"",C85/C84) | D86: =IF(OR(D84="",D85=""),"",D85/D84) | E86: =IF(OR(E84="",E85=""),"",E85/E84) -> 0.98211382 | F86: =IF(OR(F84="",F85=""),"",F85/F84) -> 0.98207885 | G86: =IF(OR(G84="",G85=""),"",G85/G84) | H86: =IF(OR(H84="",H85=""),"",H85/H84) -> 0.98448276 | I86: =IF(OR(I84="",I85=""),"",I85/I84) -> 0.98132184 | J86: =IF(OR(J84="",J85=""),"",J85/J84) -> 0.98502496
A87: 140Sn | B87: Center | E87: 8.13 | F87: 7.36 | H87: 7.64 | I87: 9.17 | J87: 7.92
B88: CTDIw | E88: 8.01 | F88: 7.25 | H88: 7.55 | I88: 9.02 | J88: 7.81
B89: k | C89: =IF(OR(C87="",C88=""),"",C88/C87) | D89: =IF(OR(D87="",D88=""),"",D88/D87) | E89: =IF(OR(E87="",E88=""),"",E88/E87) -> 0.98523985 | F89: =IF(OR(F87="",F88=""),"",F88/F87) -> 0.98505435 | G89: =IF(OR(G87="",G88=""),"",G88/G87) | H89: =IF(OR(H87="",H88=""),"",H88/H87) -> 0.9882199 | I89: =IF(OR(I87="",I88=""),"",I88/I87) -> 0.98364231 | J89: =IF(OR(J87="",J88=""),"",J88/J87) -> 0.98611111
A91: 32 cm phantom, Standard shaped filter (Routine body)
C92: Tube A | I92: Tube B
B93: Collimation | C93: 1x5 | D93: 1x10 | E93: 3x3 | F93: 3x5 | G93: 32x0.6 | H93: 64x0.6 | I93: 32x0.6 | J93: 64x0.6
B94: Acquisition | C94: 1x5 | D94: 1x10 | E94: 3x3 | F94: 3x5 | G94: 32x0.6 | H94: 64x0.6 | I94: 32x0.6 | J94: 64x0.6
A95: kV
A96: 70 | B96: Center | C96: 0.91 | D96: 0.9 | E96: 1 | F96: 0.9 | G96: 1.05 | H96: 0.93 | J96: 0.98
B97: CTDIw | C97: 1.83 | D97: 1.79 | E97: 1.98 | F97: 1.79 | G97: 2.1 | H97: 1.87 | J97: 1.96
B98: k | C98: =IF(OR(C96="",C97=""),"",C97/C96) -> 2.010989 | D98: =IF(OR(D96="",D97=""),"",D97/D96) -> 1.9888889 | E98: =IF(OR(E96="",E97=""),"",E97/E96) -> 1.98 | F98: =IF(OR(F96="",F97=""),"",F97/F96) -> 1.9888889 | G98: =IF(OR(G96="",G97=""),"",G97/G96) -> 2 | H98: =IF(OR(H96="",H97=""),"",H97/H96) -> 2.0107527 | I98: =IF(OR(I96="",I97=""),"",I97/I96) | J98: =IF(OR(J96="",J97=""),"",J97/J96) -> 2
A99: 80 | B99: Center | C99: 1.59 | D99: 1.57 | E99: 1.74 | F99: 1.57 | G99: 1.84 | H99: 1.63 | J99: 1.7
B100: CTDIw | C100: 2.96 | D100: 2.89 | E100: 3.21 | F100: 2.9 | G100: 3.39 | H100: 3.01 | J100: 3.14
B101: k | C101: =IF(OR(C99="",C100=""),"",C100/C99) -> 1.8616352 | D101: =IF(OR(D99="",D100=""),"",D100/D99) -> 1.8407643 | E101: =IF(OR(E99="",E100=""),"",E100/E99) -> 1.8448276 | F101: =IF(OR(F99="",F100=""),"",F100/F99) -> 1.8471338 | G101: =IF(OR(G99="",G100=""),"",G100/G99) -> 1.8423913 | H101: =IF(OR(H99="",H100=""),"",H100/H99) -> 1.8466258 | I101: =IF(OR(I99="",I100=""),"",I100/I99) | J101: =IF(OR(J99="",J100=""),"",J100/J99) -> 1.8470588
A102: 90 | B102: Center | C102: 2.46 | D102: 2.42 | E102: 2.68 | F102: 2.43 | G102: 2.85 | H102: 2.51 | J102: 2.96
...

Sheet Neurologica BodyTom
A1: 16 cm phantom (Adult head)
B2: Collimation | C2: 16x0.6 | E2: 7.9 | F2: 9.46
B3: Total | C3: =16*0.6 -> 9.6 | E3: 16.23 | F3: 18.1
B4: Acquisition | C4: 16x0.6 | E4: 24.62 | F4: 27.07
B5: Shaped filter | E5: 35 | F5: 37.74
A6: kV | E6: 1.49 | F6: 3.15
A7: 80 | B7: Center | C7: 7.9 | E7: 3.08 | F7: 5.85
B8: CTDIw | C8: 9.46 | E8: 5.53 | F8: 9.23
B9: k | C9: =IF(OR(C7="",C8=""),"",C8/C7) -> 1.1974684 | E9: 8.26 | F9: 13.13
A10: 100 | B10: Center | C10: 16.23
B11: CTDIw | C11: 18.1
B12: k | C12: =IF(OR(C10="",C11=""),"",C11/C10) -> 1.1152187
A13: 120 | B13: Center | C13: 24.62
B14: CTDIw | C14: 27.07
B15: k | C15: =IF(OR(C13="",C14=""),"",C14/C13) -> 1.0995126
A16: 140 | B16: Center | C16: 35
B17: CTDIw | C17: 37.74
B18: k | C18: =IF(OR(C16="",C17=""),"",C17/C16) -> 1.0782857
A20: 32 cm phantom (Adult body)
B21: Collimation | C21: 64x0.6
B22: Total | C22: 38.4
B23: Acquisition | C23: 64x0.6
B24: Shaped filter
A25: kV
A26: 80 | B26: Center | C26: 1.49
B27: CTDIw | C27: 3.15
B28: k | C28: =IF(OR(C26="",C27=""),"",C27/C26) -> 2.114094
A29: 100 | B29: Center | C29: 3.08
B30: CTDIw | C30: 5.85
B31: k | C31: =IF(OR(C29="",C30=""),"",C30/C29) -> 1.8993506
A32: 120 | B32: Center | C32: 5.53
B33: CTDIw | C33: 9.23
B34: k | C34: =IF(OR(C32="",C33=""),"",C33/C32) -> 1.6690778
A35: 140 | B35: Center | C35: 8.26
B36: CTDIw | C36: 13.13
B37: k | C37: =IF(OR(C35="",C36=""),"",C36/C35) -> 1.5895884

Sheet Symbia Pro.specta Q3
A1: 16 cm phantom (Adult head) | I1: 5.33 | J1: 5.92
B2: Collimation | C2: 1x5 | D2: 1x10 | E2: 3x3 | F2: 16x0.7 | G2: 16x0.7 (Sn) | I2: 5.36 | J2: 5.93
B3: Total | C3: 5 | D3: 10 | E3: 9 | F3: 11.2 | G3: 11.2 | I3: 5.96 | J3: 6.59
B4: Acquisition | C4: 1x5 | D4: 1x10 | E4: 3x3 | F4: 16x0.7 | G4: 16x0.7 (Sn) | I4: 6.38 | J4: 7.08
B5: Shaped filter
A6: kV | I6: 13.33 | J6: 14.3
A7: 80 | B7: Center | C7: 5.33 | D7: 5.36 | E7: 5.96 | F7: 6.38 | I7: 13.39 | J7: 14.32
B8: CTDIw | C8: 5.92 | D8: 5.93 | E8: 6.59 | F8: 7.08 | I8: 14.87 | J8: 15.92
B9: k | C9: =IF(OR(C7="",C8=""),"",C8/C7) -> 1.1106942 | D9: =IF(OR(D7="",D8=""),"",D8/D7) -> 1.1063433 | E9: =IF(OR(E7="",E8=""),"",E8/E7) -> 1.1057047 | F9: =IF(OR(F7="",F8=""),"",F8/F7) -> 1.1097179 | G9: =IF(OR(G7="",G8=""),"",G8/G7) | I9: 15.98 | J9: 17.1
A10: 110 | B10: Center | C10: 13.33 | D10: 13.39 | E10: 14.87 | F10: 15.98 | G10: 2.99 | I10: 2.99 | J10: 3.08
B11: CTDIw | C11: 14.3 | D11: 14.32 | E11: 15.92 | F11: 17.1 | G11: 3.08 | I11: 20.27 | J11: 21.52
B12: k | C12: =IF(OR(C10="",C11=""),"",C11/C10) -> 1.0727682 | D12: =IF(OR(D10="",D11=""),"",D11/D10) -> 1.0694548 | E12: =IF(OR(E10="",E11=""),"",E11/E10) -> 1.070612 | F12: =IF(OR(F10="",F11=""),"",F11/F10) -> 1.0700876 | G12: =IF(OR(G10="",G11=""),"",G11/G10) -> 1.0301003 | I12: 20.27 | J12: 21.52
A13: 130 | B13: Center | C13: 20.27 | D13: 20.27 | E13: 22.52 | F13: 24.24 | G13: 5.86 | I13: 22.52 | J13: 23.91
B14: CTDIw | C14: 21.52 | D14: 21.52 | E14: 23.91 | F14: 25.7 | G14: 6.05 | I14: 24.24 | J14: 25.7
B15: k | C15: =IF(OR(C13="",C14=""),"",C14/C13) -> 1.0616675 | D15: =IF(OR(D13="",D14=""),"",D14/D13) -> 1.0616675 | E15: =IF(OR(E13="",E14=""),"",E14/E13) -> 1.0617229 | F15: =IF(OR(F13="",F14=""),"",F14/F13) -> 1.060231 | G15: =IF(OR(G13="",G14=""),"",G14/G13) -> 1.0324232 | I15: 5.86 | J15: 6.05
I16: 1.36 | J16: 2.64
A17: 32 cm phantom (Adult body) | I17: 1.36 | J17: 2.64
B18: Collimation | C18: 1x5 | D18: 1x10 | E18: 3x3 | F18: 16x0.7 | G18: 16x0.7 (Sn) | I18: 1.51 | J18: 2.94
B19: Total | C19: 5 | D19: 10 | E19: 9 | F19: 11.2 | G19: 11.2 | I19: 1.62 | J19: 3.15
B20: Acquisition | C20: 1x5 | D20: 1x10 | E20: 3x3 | F20: 16x0.7 | G20: 16x0.7 (Sn)
B21: Shaped filter | I21: 3.98 | J21: 6.82
A22: kV | I22: 3.97 | J22: 6.83
A23: 80 | B23: Center | C23: 1.36 | D23: 1.36 | E23: 1.51 | F23: 1.62 | I23: 4.41 | J23: 7.59
B24: CTDIw | C24: 2.64 | D24: 2.64 | E24: 2.94 | F24: 3.15 | I24: 4.75 | J24: 8.13
B25: k | C25: =IF(OR(C23="",C24=""),"",C24/C23) -> 1.9411765 | D25: =IF(OR(D23="",D24=""),"",D24/D23) -> 1.9411765 | E25: =IF(OR(E23="",E24=""),"",E24/E23) -> 1.9470199 | F25: =IF(OR(F23="",F24=""),"",F24/F23) -> 1.9444444 | G25: =IF(OR(G23="",G24=""),"",G24/G23) | I25: 1.09 | J25: 1.65
A26: 110 | B26: Center | C26: 3.98 | D26: 3.97 | E26: 4.41 | F26: 4.75 | G26: 1.09 | I26: 6.4 | J26: 10.57
B27: CTDIw | C27: 6.82 | D27: 6.83 | E27: 7.59 | F27: 8.13 | G27: 1.65 | I27: 6.39 | J27: 10.57
B28: k | C28: =IF(OR(C26="",C27=""),"",C27/C26) -> 1.7135678 | D28: =IF(OR(D26="",D27=""),"",D27/D26) -> 1.720403 | E28: =IF(OR(E26="",E27=""),"",E27/E26) -> 1.7210884 | F28: =IF(OR(F26="",F27=""),"",F27/F26) -> 1.7115789 | G28: =IF(OR(G26="",G27=""),"",G27/G26) -> 1.5137615 | I28: 7.1 | J28: 11.74
A29: 130 | B29: Center | C29: 6.4 | D29: 6.39 | E29: 7.1 | F29: 7.63 | G29: 2.23 | I29: 7.63 | J29: 12.57
B30: CTDIw | C30: 10.57 | D30: 10.57 | E30: 11.74 | F30: 12.57 | G30: 3.32 | I30: 2.23 | J30: 3.32
B31: k | C31: =IF(OR(C29="",C30=""),"",C30/C29) -> 1.6515625 | D31: =IF(OR(D29="",D30=""),"",D30/D29) -> 1.6541471 | E31: =IF(OR(E29="",E30=""),"",E30/E29) -> 1.6535211 | F31: =IF(OR(F29="",F30=""),"",F30/F29) -> 1.6474443 | G31: =IF(OR(G29="",G30=""),"",G30/G29) -> 1.4887892

Sheet Intevo Bold
A1: 16 cm phantom (Routine head)
B2: Collimation | C2: 4x0.6 | D2: 12x0.6 | E2: 16x0.6 | F2: 1x10 | G2: 12x1.2 | H2: 2x8 | I2: 16x1.2
B3: Total | C3: 2.4 | D3: 7.2 | E3: 9.6 | F3: 10 | G3: 14.4 | H3: 16 | I3: 19.2
B4: Acquisition | C4: 4x0.6 | D4: 12x0.6 | E4: 16x0.6 | F4: 1x10 | G4: 12x1.2 | H4: 2x8 | I4: 16x1.2
B5: Shaped filter
A6: kV
A7: 80 | B7: Center | C7: 7.6 | D7: 7.7 | E7: 6.64 | F7: 5.55 | G7: 6.04 | H7: 5.43 | I7: 6.13
B8: CTDIw | C8: 8.12 | D8: 8.2 | E8: 7.19 | F8: 5.9 | G8: 6.45 | H8: 5.81 | I8: 6.56
B9: k | C9: =IF(OR(C7="",C8=""),"",C8/C7) -> 1.0684211 | D9: =IF(OR(D7="",D8=""),"",D8/D7) -> 1.0649351 | E9: =IF(OR(E7="",E8=""),"",E8/E7) -> 1.0828313 | F9: =IF(OR(F7="",F8=""),"",F8/F7) -> 1.0630631 | G9: =IF(OR(G7="",G8=""),"",G8/G7) -> 1.0678808 | H9: =IF(OR(H7="",H8=""),"",H8/H7) -> 1.0699816 | I9: =IF(OR(I7="",I8=""),"",I8/I7) -> 1.0701468
A10: 110 | B10: Center | C10: 18 | D10: 17.63 | E10: 15.57 | F10: 12.69 | G10: 13.88 | H10: 12.49 | I10: 14.14
B11: CTDIw | C11: 18.65 | D11: 18.31 | E11: 16.18 | F11: 13.18 | G11: 14.43 | H11: 12.99 | I11: 14.7
B12: k | C12: =IF(OR(C10="",C11=""),"",C11/C10) -> 1.0361111 | D12: =IF(OR(D10="",D11=""),"",D11/D10) -> 1.0385706 | E12: =IF(OR(E10="",E11=""),"",E11/E10) -> 1.0391779 | F12: =IF(OR(F10="",F11=""),"",F11/F10) -> 1.0386131 | G12: =IF(OR(G10="",G11=""),"",G11/G10) -> 1.0396254 | H12: =IF(OR(H10="",H11=""),"",H11/H10) -> 1.040032 | I12: =IF(OR(I10="",I11=""),"",I11/I10) -> 1.039604
A13: 130 | B13: Center | C13: 25.78 | D13: 25.93 | E13: 22.91 | F13: 18.67 | G13: 20.42 | H13: 18.38 | I13: 20.81
B14: CTDIw | C14: 26.52 | D14: 26.72 | E14: 23.62 | F14: 19.24 | G14: 21.05 | H14: 18.94 | I14: 21.45
B15: k | C15: =IF(OR(C13="",C14=""),"",C14/C13) -> 1.0287044 | D15: =IF(OR(D13="",D14=""),"",D14/D13) -> 1.0304666 | E15: =IF(OR(E13="",E14=""),"",E14/E13) -> 1.0309908 | F15: =IF(OR(F13="",F14=""),"",F14/F13) -> 1.0305303 | G15: =IF(OR(G13="",G14=""),"",G14/G13) -> 1.0308521 | H15: =IF(OR(H13="",H14=""),"",H14/H13) -> 1.0304679 | I15: =IF(OR(I13="",I14=""),"",I14/I13) -> 1.0307544
A17: 32 cm phantom (Adult body)
B18: Collimation | C18: 4x0.6 | D18: 12x0.6 | E18: 16x0.6 | F18: 1x10 | G18: 12x1.2 | H18: 2x8 | I18: 16x1.2
B19: Total | C19: 2.4 | D19: 7.2 | E19: 9.6 | F19: 10 | G19: 14.4 | H19: 16 | I19: 19.2
B20: Acquisition | C20: 4x0.6 | D20: 12x0.6 | E20: 16x0.6 | F20: 1x10 | G20: 12x1.2 | H20: 2x8 | I20: 16x1.2
B21: Shaped filter
A22: kV
A23: 80 | B23: Center | C23: 1.88 | D23: 1.9 | E23: 1.68 | F23: 1.37 | G23: 1.5 | H23: 1.35 | I23: 1.52
B24: CTDIw | C24: 3.49 | D24: 3.54 | E24: 3.12 | F24: 2.55 | G24: 2.78 | H24: 2.5 | I24: 2.9
B25: k | C25: =IF(OR(C23="",C24=""),"",C24/C23) -> 1.856383 | D25: =IF(OR(D23="",D24=""),"",D24/D23) -> 1.8631579 | E25: =IF(OR(E23="",E24=""),"",E24/E23) -> 1.8571429 | F25: =IF(OR(F23="",F24=""),"",F24/F23) -> 1.8613139 | G25: =IF(OR(G23="",G24=""),"",G24/G23) -> 1.8533333 | H25: =IF(OR(H23="",H24=""),"",H24/H23) -> 1.8518519 | I25: =IF(OR(I23="",I24=""),"",I24/I23) -> 1.9078947
A26: 110 | B26: Center | C26: 5.24 | D26: 5.12 | E26: 4.52 | F26: 3.68 | G26: 4.05 | H26: 3.64 | I26: 4.12
B27: CTDIw | C27: 8.63 | D27: 8.5 | E27: 7.51 | F27: 6.12 | G27: 6.69 | H27: 6.02 | I27: 6.82
B28: k | C28: =IF(OR(C26="",C27=""),"",C27/C26) -> 1.6469466 | D28: =IF(OR(D26="",D27=""),"",D27/D26) -> 1.6601562 | E28: =IF(OR(E26="",E27=""),"",E27/E26) -> 1.6615044 | F28: =IF(OR(F26="",F27=""),"",F27/F26) -> 1.6630435 | G28: =IF(OR(G26="",G27=""),"",G27/G26) -> 1.6518519 | H28: =IF(OR(H26="",H27=""),"",H27/H26) -> 1.6538462 | I28: =IF(OR(I26="",I27=""),"",I27/I26) -> 1.6553398
A29: 130 | B29: Center | C29: 7.95 | D29: 8.02 | E29: 7.09 | F29: 5.78 | G29: 6.31 | H29: 5.68 | I29: 6.41
B30: CTDIw | C30: 12.63 | D30: 12.79 | E30: 11.29 | F30: 9.21 | G30: 10.04 | H30: 9.04 | I30: 10.21
B31: k | C31: =IF(OR(C29="",C30=""),"",C30/C29) -> 1.5886792 | D31: =IF(OR(D29="",D30=""),"",D30/D29) -> 1.5947631 | E31: =IF(OR(E29="",E30=""),"",E30/E29) -> 1.5923836 | F31: =IF(OR(F29="",F30=""),"",F30/F29) -> 1.5934256 | G31: =IF(OR(G29="",G30=""),"",G30/G29) -> 1.5911252 | H31: =IF(OR(H29="",H30=""),"",H30/H29) -> 1.5915493 | I31: =IF(OR(I29="",I30=""),"",I30/I29) -> 1.5928237

Sheet Biograph Vision
A1: 16 cm phantom, Standard shaped filter (Routine head)
B2: Collimation | C2: 2x1 | D2: 6x0.6 | E2: 8x0.6 | F2: 8x0.6 | G2: 1x5 | H2: 10x0.6 | I2: 6x1.2 | J2: 1x10 | K2: 20x0.6 | L2: 12x1.2 | M2: 64x0.6 | N2: 64x0.6
B3: Total | C3: 2 | D3: 3.6 | E3: 4.8 | F3: 4.8 | G3: 5 | H3: 6 | I3: 7.2 | J3: 10 | K3: 12 | L3: 14.4 | M3: 19.2 | N3: 38.4
B4: Acquisition | C4: 2x1 | D4: 6x0.6 | E4: 8x0.6 | F4: 16x0.6 | G4: 1x5 | H4: 20x0.6 | I4: 6x1.2 | J4: 1x10 | K4: 40x0.6 | L4: 12x1.2 | M4: 32x1.2 | N4: 128x0.6
D5: Topogram | E5: UHR | F5: UHR, z-sharp | H5: z-sharp | K5: z-sharp | N5: z-sharp
A6: kV
A7: 70 | B7: Center | C7: 2.6 | D7: 4.22 | E7: 3.88 | F7: 4.58 | G7: 2.34 | H7: 3.17 | I7: 3.3 | J7: 2.34 | K7: 3.23 | L7: 3 | M7: 3.01 | N7: 2.87
B8: CTDIw | C8: 2.74 | D8: 4.43 | E8: 4.07 | F8: 4.78 | G8: 2.46 | H8: 3.31 | I8: 3.35 | J8: 2.46 | K8: 3.38 | L8: 3.15 | M8: 3.15 | N8: 3.01
B9: k | C9: =IF(OR(C7="",C8=""),"",C8/C7) -> 1.0538462 | D9: =IF(OR(D7="",D8=""),"",D8/D7) -> 1.049763 | E9: =IF(OR(E7="",E8=""),"",E8/E7) -> 1.0489691 | F9: =IF(OR(F7="",F8=""),"",F8/F7) -> 1.0436681 | G9: =IF(OR(G7="",G8=""),"",G8/G7) -> 1.0512821 | H9: =IF(OR(H7="",H8=""),"",H8/H7) -> 1.044164 | I9: =IF(OR(I7="",I8=""),"",I8/I7) -> 1.0151515 | J9: =IF(OR(J7="",J8=""),"",J8/J7) -> 1.0512821 | ... N9: =IF(OR(N7="",N8=""),"",N8/N7) -> 1.0487805
A10: 80 | B10: Center | C10: 4.18 | D10: 6.76 | E10: 6.22 | F10: 7.24 | G10: 3.75 | H10: 5.02 | I10: 5.39 | J10: 3.75 | K10: 5.12 | L10: 4.81 | M10: 4.77 | N10: 4.6
B11: CTDIw | C11: 4.36 | D11: 7.06 | E11: 6.49 | F11: 7.46 | G11: 3.91 | H11: 5.17 | I11: 5.62 | J11: 3.91 | K11: 5.27 | L11: 5.02 | M11: 4.91 | N11: 4.8
B12: k | C12: =IF(OR(C10="",C11=""),"",C11/C10) -> 1.0430622 | D12: =IF(OR(D10="",D11=""),"",D11/D10) -> 1.0443787 | E12: =IF(OR(E10="",E11=""),"",E11/E10) -> 1.0434084 | F12: =IF(OR(F10="",F11=""),"",F11/F10) -> 1.0303867 | G12: =IF(OR(G10="",G11=""),"",G11/G10) -> 1.0426667 | H12: =IF(OR(H10="",H11=""),"",H11/H10) -> 1.0298805 | I12: =IF(OR(I10="",I11=""),"",I11/I10) -> 1.0426716 | J12: =IF(OR(J10="",J11=""),"",J11/J10) -> 1.0426667 | ... N12: =IF(OR(N10="",N11=""),"",N11/N10) -> 1.0434783
A13: 100 | B13: Center | C13: 8.44 | D13: 13.67 | E13: 12.56 | F13: 14.69 | G13: 7.57 | H13: 10.19 | I13: 10.89 | J13: 7.57 | K13: 10.38 | L13: 9.71 | M13: 8.48 | N13: 8.57
B14: CTDIw | C14: 8.65 | D14: 14.01 | E14: 12.88 | F14: 14.93 | G14: 7.76 | H14: 10.35 | I14: 11.16 | J14: 7.76 | K14: 10.55 | L14: 9.96 | M14: 8.69 | N14: 8.71
B15: k | C15: =IF(OR(C13="",C14=""),"",C14/C13) -> 1.0248815 | D15: =IF(OR(D13="",D14=""),"",D14/D13) -> 1.024872 | E15: =IF(OR(E13="",E14=""),"",E14/E13) -> 1.0254777 | F15: =IF(OR(F13="",F14=""),"",F14/F13) -> 1.0163376 | G15: =IF(OR(G13="",G14=""),"",G14/G13) -> 1.0250991 | H15: =IF(OR(H13="",H14=""),"",H14/H13) -> 1.0157017 | I15: =IF(OR(I13="",I14=""),"",I14/I13) -> 1.0247934 | J15: =IF(OR(J13="",J14=""),"",J14/J13) -> 1.0250991 | ... N15: =IF(OR(N13="",N14=""),"",N14/N13) -> 1.0163361
A16: 120 | B16: Center | C16: 13.85 | D16: 22.42 | E16: 20.6 | F16: 24.33 | G16: 12.42 | H16: 16.87 | I16: 17.86 | J16: 12.42 | K16: 17.19 | L16: 15.93 | M16: 13.91 | N16: 14.19
B17: CTDIw | C17: 14.11 | D17: 22.85 | E17: 21 | F17: 24.63 | G17: 12.66 | H17: 17.08 | I17: 18.2 | J17: 12.66 | K17: 17.41 | L17: 16.24 | M17: 14.17 | N17: 14.37
B18: k | C18: =IF(OR(C16="",C17=""),"",C17/C16) -> 1.0187726 | D18: =IF(OR(D16="",D17=""),"",D17/D16) -> 1.0191793 | E18: =IF(OR(E16="",E17=""),"",E17/E16) -> 1.0194175 | F18: =IF(OR(F16="",F17=""),"",F17/F16) -> 1.0123305 | G18: =IF(OR(G16="",G17=""),"",G17/G16) -> 1.0193237 | H18: =IF(OR(H16="",H17=""),"",H17/H16) -> 1.0124481 | I18: =IF(OR(I16="",I17=""),"",I17/I16) -> 1.019037 | J18: =IF(OR(J16="",J17=""),"",J17/J16) -> 1.0193237 | ... N18: =IF(OR(N16="",N17=""),"",N17/N16) -> 1.012685
A19: 140 | B19: Center | C19: 20.24 | D19: 32.77 | E19: 30.12 | F19: 36.16 | G19: 18.16 | H19: 25.07 | I19: 26.11 | J19: 18.16 | K19: 25.55 | L19: 23.3 | M19: 20.33 | N19: 21.09
B20: CTDIw | C20: 20.6 | D20: 33.35 | E20: 30.65 | F20: 36.6 | G20: 18.48 | H20: 25.4 | I20: 26.56 | J20: 18.48 | K20: 25.89 | L20: 23.7 | M20: 20.69 | N20: 21.37
B21: k | C21: =IF(OR(C19="",C20=""),"",C20/C19) -> 1.0177866 | D21: =IF(OR(D19="",D20=""),"",D20/D19) -> 1.0176991 | E21: =IF(OR(E19="",E20=""),"",E20/E19) -> 1.0175963 | F21: =IF(OR(F19="",F20=""),"",F20/F19) -> 1.0121681 | G21: =IF(OR(G19="",G20=""),"",G20/G19) -> 1.0176211 | H21: =IF(OR(H19="",H20=""),"",H20/H19) -> 1.0131631 | I21: =IF(OR(I19="",I20=""),"",I20/I19) -> 1.0172348 | J21: =IF(OR(J19="",J20=""),"",J20/J19) -> 1.0176211 | ... N21: =IF(OR(N19="",N20=""),"",N20/N19) -> 1.0132764
A23: 16 cm phantom, Narrow shaped filter (Pediatric body)
B24: Collimation | C24: 2x1 | D24: 6x0.6 | E24: 8x0.6 | F24: 8x0.6 | G24: 1x5 | H24: 10x0.6 | I24: 6x1.2 | J24: 1x10 | K24: 20x0.6 | L24: 12x1.2 | M24: 32x0.6 | N24: 64x0.6
B25: Total | C25: 2 | D25: 3.6 | E25: 4.8 | F25: 4.8 | G25: 5 | H25: 6 | I25: 7.2 | J25: 10 | K25: 12 | L25: 14.4 | M25: 38.4 | N25: 38.4
B26: Acquisition | C26: 2x1 | D26: 6x0.6 | E26: 8x0.6 | F26: 16x0.6 | G26: 1x5 | H26: 20x0.6 | I26: 6x1.2 | J26: 1x10 | K26: 40x0.6 | L26: 12x1.2 | M26: 32x1.2 | N26: 28.x.6
B27: Shaped filter | F27: z-sharp | H27: z-sharp | K27: z-sharp | N27: z-sharp
A28: kV
A29: 70 | B29: Center | C29: 2.36 | D29: 3.83 | E29: 3.52 | F29: 4.12 | G29: 2.12 | H29: 2.86 | I29: 3.05 | J29: 2.12 | K29: 2.91 | L29: 2.72 | M29: 2.38 | N29: 2.4
B30: CTDIw | C30: 2.36 | D30: 3.81 | E30: 3.51 | F30: 4.07 | G30: 2.11 | H30: 2.82 | I30: 3.04 | J30: 2.11 | K30: 2.88 | L30: 2.71 | M30: 2.37 | N30: 2.37
B31: k | C31: =IF(OR(C29="",C30=""),"",C30/C29) -> 1 | D31: =IF(OR(D29="",D30=""),"",D30/D29) -> 0.99477807 | E31: =IF(OR(E29="",E30=""),"",E30/E29) -> 0.99715909 | F31: =IF(OR(F29="",F30=""),"",F30/F29) -> 0.98786408 | G31: =IF(OR(G29="",G30=""),"",G30/G29) -> 0.99528302 | H31: =IF(OR(H29="",H30=""),"",H30/H29) -> 0.98601399 | I31: =IF(OR(I29="",I30=""),"",I30/I29) -> 0.99672131 | J31: =IF(OR(J29="",J30=""),"",J30/J29) -> 0.99528302 | ... N31: =IF(OR(N29="",N30=""),"",N30/N29) -> 0.9875
A32: 80 | B32: Center | C32: 3.81 | D32: 6.17 | E32: 5.67 | F32: 6.58 | G32: 3.42 | H32: 4.56 | I32: 4.92 | J32: 3.42 | K32: 4.65 | L32: 4.39 | M32: 3.83 | N32: 3.84
B33: CTDIw | C33: 3.78 | D33: 6.12 | E33: 5.63 | F33: 6.44 | G33: 3.39 | H33: 4.47 | I33: 4.88 | J33: 3.39 | K33: 4.55 | L33: 4.35 | M33: 3.8 | N33: 3.76
B34: k | C34: =IF(OR(C32="",C33=""),"",C33/C32) -> 0.99212598 | D34: =IF(OR(D32="",D33=""),"",D33/D32) -> 0.99189627 | E34: =IF(OR(E32="",E33=""),"",E33/E32) -> 0.99294533 | F34: =IF(OR(F32="",F33=""),"",F33/F32) -> 0.9787234 | G34: =IF(OR(G32="",G33=""),"",G33/G32) -> 0.99122807 | H34: =IF(OR(H32="",H33=""),"",H33/H32) -> 0.98026316 | I34: =IF(OR(I32="",I33=""),"",I33/I32) -> 0.99186992 | J34: =IF(OR(J32="",J33=""),"",J33/J32) -> 0.99122807 | ... N34: =IF(OR(N32="",N33=""),"",N33/N32) -> 0.97916667
A35: 100 | B35: Center | C35: 7.81 | D35: 12.65 | E35: 11.63 | F35: 13.53 | G35: 7.01 | H35: 9.38 | I35: 10.08 | J35: 7.01 | K35: 9.56 | L35: 8.99 | M35: 7.85 | N35: 7.89
B36: CTDIw | C36: 7.69 | D36: 12.45 | E36: 11.44 | F36: 13.14 | G36: 6.9 | H36: 9.11 | I36: 9.92 | J36: 6.9 | K36: 9.29 | L36: 8.85 | M36: 7.72 | N36: 7.67
B37: k | C37: =IF(OR(C35="",C36=""),"",C36/C35) -> 0.98463508 | D37: =IF(OR(D35="",D36=""),"",D36/D35) -> 0.98418972 | E37: =IF(OR(E35="",E36=""),"",E36/E35) -> 0.98366294 | F37: =IF(OR(F35="",F36=""),"",F36/F35) -> 0.97117517 | G37: =IF(OR(G35="",G36=""),"",G36/G35) -> 0.98430813 | H37: =IF(OR(H35="",H36=""),"",H36/H35) -> 0.97121535 | I37: =IF(OR(I35="",I36=""),"",I36/I35) -> 0.98412698 | J37: =IF(OR(J35="",J36=""),"",J36/J35) -> 0.98430813 | ... N37: =IF(OR(N35="",N36=""),"",N36/N35) -> 0.9721166
A38: 120 | B38: Center | C38: 12.93 | D38: 20.93 | E38: 19.23 | F38: 22.53 | G38: 11.6 | H38: 15.62 | I38: 16.67 | J38: 11.6 | K38: 15.92 | L38: 14.87 | M38: 12.98 | N38: 13.14
B39: CTDIw | C39: 12.68 | D39: 20.52 | E39: 18.86 | F39: 21.91 | G39: 11.37 | H39: 15.19 | I39: 16.35 | J39: 11.37 | K39: 15.48 | L39: 14.59 | M39: 12.73 | N39: 12.78
B40: k | C40: =IF(OR(C38="",C39=""),"",C39/C38) -> 0.98066512 | D40: =IF(OR(D38="",D39=""),"",D39/D38) -> 0.98041089 | E40: =IF(OR(E38="",E39=""),"",E39/E38) -> 0.98075923 | F40: =IF(OR(F38="",F39=""),"",F39/F38) -> 0.97248114 | G40: =IF(OR(G38="",G39=""),"",G39/G38) -> 0.98017241 | H40: =IF(OR(H38="",H39=""),"",H39/H38) -> 0.97247119 | I40: =IF(OR(I38="",I39=""),"",I39/I38) -> 0.98080384 | J40: =IF(OR(J38="",J39=""),"",J39/J38) -> 0.98017241 | ... N40: =IF(OR(N38="",N39=""),"",N39/N38) -> 0.97260274
A41: 140 | B41: Center | C41: 18.83 | D41: 30.49 | E41: 28.02 | F41: 33.71 | G41: 16.89 | H41: 23.38 | I41: 24.29 | J41: 16.89 | K41: 23.82 | L41: 21.67 | M41: 18.91 | N41: 19.67
B42: CTDIw | C42: 18.5 | D42: 29.95 | E42: 27.53 | F42: 32.85 | G42: 16.6 | H42: 22.77 | I42: 23.86 | J42: 16.6 | K42: 23.21 | L42: 21.29 | M42: 18.58 | N42: 19.16
B43: k | C43: =IF(OR(C41="",C42=""),"",C42/C41) -> 0.98247477 | D43: =IF(OR(D41="",D42=""),"",D42/D41) -> 0.98228928 | E43: =IF(OR(E41="",E42=""),"",E42/E41) -> 0.98251249 | F43: =IF(OR(F41="",F42=""),"",F42/F41) -> 0.97448828 | G43: =IF(OR(G41="",G42=""),"",G42/G41) -> 0.98283008 | H43: =IF(OR(H41="",H42=""),"",H42/H41) -> 0.97390932 | I43: =IF(OR(I41="",I42=""),"",I42/I41) -> 0.98229724 | J43: =IF(OR(J41="",J42=""),"",J42/J41) -> 0.98283008 | ... N43: =IF(OR(N41="",N42=""),"",N42/N41) -> 0.97407219
A45: 32 cm phantom, Standard shaped filter (Adult Body)
B46: Collimation | C46: 2x1 | D46: 6x0.6 | E46: 8x0.6 | F46: 8x0.6 | G46: 1x5 | H46: 10x0.6 | I46: 6x1.2 | J46: 1x10 | K46: 20x0.6 | L46: 12x1.2 | M46: 32x0.6 | N46: 64x0.6
B47: Total | C47: 2 | D47: 3.6 | E47: 4.8 | F47: 4.8 | G47: 5 | H47: 6 | I47: 7.2 | J47: 10 | K47: 12 | L47: 14.4 | M47: 38.4 | N47: 38.4
B48: Acquisition | C48: 2x1 | D48: 6x0.6 | E48: 8x0.6 | F48: 16x0.6 | G48: 1x5 | H48: 20x0.6 | I48: 6x1.2 | J48: 1x10 | K48: 40x0.6 | L48: 12x1.2 | M48: 32x1.2 | N48: 28.x.6
B49: Shaped filter | F49: z-sharp | H49: z-sharp | K49: z-sharp | N49: z-sharp
A50: kV
A51: 70 | B51: Center | C51: 0.61 | D51: 0.99 | E51: 0.91 | F51: 1.07 | G51: 0.55 | H51: 0.74 | I51: 0.79 | J51: 0.55 | K51: 0.75 | L51: 0.7 | M51: 0.61 | N51: 0.62
B52: CTDIw | C52: 1.13 | D52: 1.83 | E52: 1.68 | F52: 1.97 | G52: 1.01 | H52: 1.37 | I52: 1.46 | J52: 1.01 | K52: 1.4 | L52: 1.3 | M52: 1.14 | N52: 1.15
B53: k | C53: =IF(OR(C51="",C52=""),"",C52/C51) -> 1.852459 | D53: =IF(OR(D51="",D52=""),"",D52/D51) -> 1.8484848 | E53: =IF(OR(E51="",E52=""),"",E52/E51) -> 1.8461538 | F53: =IF(OR(F51="",F52=""),"",F52/F51) -> 1.8411215 | G53: =IF(OR(G51="",G52=""),"",G52/G51) -> 1.8363636 | H53: =IF(OR(H51="",H52=""),"",H52/H51) -> 1.8513514 | I53: =IF(OR(I51="",I52=""),"",I52/I51) -> 1.8481013 | J53: =IF(OR(J51="",J52=""),"",J52/J51) -> 1.8363636 | ... N53: =IF(OR(N51="",N52=""),"",N52/N51) -> 1.8548387
A54: 80 | B54: Center | C54: 1.07 | D54: 1.73 | E54: 1.59 | F54: 1.83 | G54: 0.96 | H54: 1.27 | I54: 1.38 | J54: 0.96 | K54: 1.29 | L54: 1.23 | M54: 1.08 | N54: 1.07
B55: CTDIw | C55: 1.86 | D55: 3.01 | E55: 2.77 | F55: 3.18 | G55: 1.67 | H55: 2.21 | I55: 2.4 | J55: 1.67 | K55: 2.25 | L55: 2.14 | M55: 1.87 | N55: 1.86
B56: k | C56: =IF(OR(C54="",C55=""),"",C55/C54) -> 1.7383178 | D56: =IF(OR(D54="",D55=""),"",D55/D54) -> 1.7398844 | E56: =IF(OR(E54="",E55=""),"",E55/E54) -> 1.7421384 | F56: =IF(OR(F54="",F55=""),"",F55/F54) -> 1.7377049 | G56: =IF(OR(G54="",G55=""),"",G55/G54) -> 1.7395833 | H56: =IF(OR(H54="",H55=""),"",H55/H54) -> 1.7401575 | I56: =IF(OR(I54="",I55=""),"",I55/I54) -> 1.7391304 | J56: =IF(OR(J54="",J55=""),"",J55/J54) -> 1.7395833 | ... N56: =IF(OR(N54="",N55=""),"",N55/N54) -> 1.7383178
A57: 100 | B57: Center | C57: 2.43 | D57: 3.94 | E57: 3.62 | F57: 4.19 | G57: 2.18 | H57: 2.91 | I57: 3.14 | J57: 2.18 | K57: 2.96 | L57: 2.8 | M57: 2.44 | N57: 2.45
B58: CTDIw | C58: 3.9 | D58: 6.32 | E58: 5.81 | F58: 6.75 | G58: 3.5 | H58: 4.68 | I58: 5.03 | J58: 3.5 | K58: 4.77 | L58: 4.49 | M58: 3.92 | N58: 3.94
B59: k | C59: =IF(OR(C57="",C58=""),"",C58/C57) -> 1.6049383 | D59: =IF(OR(D57="",D58=""),"",D58/D57) -> 1.6040609 | E59: =IF(OR(E57="",E58=""),"",E58/E57) -> 1.6049724 | F59: =IF(OR(F57="",F58=""),"",F58/F57) -> 1.6109785 | G59: =IF(OR(G57="",G58=""),"",G58/G57) -> 1.6055046 | H59: =IF(OR(H57="",H58=""),"",H58/H57) -> 1.6082474 | I59: =IF(OR(I57="",I58=""),"",I58/I57) -> 1.6019108 | J59: =IF(OR(J57="",J58=""),"",J58/J57) -> 1.6055046 | ... N59: =IF(OR(N57="",N58=""),"",N58/N57) -> 1.6081633
A60: 120 | B60: Center | C60: 4.28 | D60: 6.93 | E60: 6.37 | F60: 7.5 | G60: 3.84 | H60: 5 | I60: 5.52 | J60: 3.84 | K60: 5.3 | L60: 4.93 | M60: 4.3 | N60: 4.37
B61: CTDIw | C61: 6.61 | D61: 10.7 | E61: 9.84 | F61: 11.55 | G61: 5.93 | H61: 8.01 | I61: 8.53 | J61: 5.93 | K61: 8.16 | L61: 7.61 | M61: 6.64 | N61: 6.74
B62: k | C62: =IF(OR(C60="",C61=""),"",C61/C60) -> 1.5443925 | D62: =IF(OR(D60="",D61=""),"",D61/D60) -> 1.5440115 | E62: =IF(OR(E60="",E61=""),"",E61/E60) -> 1.544741 | F62: =IF(OR(F60="",F61=""),"",F61/F60) -> 1.54 | G62: =IF(OR(G60="",G61=""),"",G61/G60) -> 1.5442708 | H62: =IF(OR(H60="",H61=""),"",H61/H60) -> 1.602 | I62: =IF(OR(I60="",I61=""),"",I61/I60) -> 1.5452899 | J62: =IF(OR(J60="",J61=""),"",J61/J60) -> 1.5442708 | ... N62: =IF(OR(N60="",N61=""),"",N61/N60) -> 1.5423341
A63: 140 | B63: Center | C63: 6.57 | D63: 10.64 | E63: 9.78 | F63: 11.59 | G63: 5.89 | H63: 8.03 | I63: 8.47 | J63: 5.89 | K63: 8.19 | L63: 7.56 | M63: 6.6 | N63: 6.76
B64: CTDIw | C64: 9.94 | D64: 16.09 | E64: 14.79 | F64: 17.62 | G64: 8.91 | H64: 12.22 | I64: 12.81 | J64: 8.91 | K64: 12.45 | L64: 11.43 | M64: 9.98 | N64: 10.28
B65: k | C65: =IF(OR(C63="",C64=""),"",C64/C63) -> 1.5129376 | D65: =IF(OR(D63="",D64=""),"",D64/D63) -> 1.512218 | E65: =IF(OR(E63="",E64=""),"",E64/E63) -> 1.5122699 | F65: =IF(OR(F63="",F64=""),"",F64/F63) -> 1.5202761 | G65: =IF(OR(G63="",G64=""),"",G64/G63) -> 1.5127334 | H65: =IF(OR(H63="",H64=""),"",H64/H63) -> 1.5217933 | I65: =IF(OR(I63="",I64=""),"",I64/I63) -> 1.5123967 | J65: =IF(OR(J63="",J64=""),"",J64/J63) -> 1.5127334 | ... N65: =IF(OR(N63="",N64=""),"",N64/N63) -> 1.5207101
A67: 32 cm phantom, Narrow shaped filter (Cardiac, Ped Body)
B68: Collimation | C68: 2x1 | D68: 6x0.6 | E68: 8x0.6 | F68: 8x0.6 | G68: 1x5 | H68: 10x0.6 | I68: 6x1.2 | J68: 1x10 | K68: 20x0.6 | L68: 12x1.2 | M68: 32x0.6 | N68: 64x0.6
B69: Total | C69: 2 | D69: 3.6 | E69: 4.8 | F69: 4.8 | G69: 5 | H69: 6 | I69: 7.2 | J69: 10 | K69: 12 | L69: 14.4 | M69: 38.4 | N69: 38.4
B70: Acquisition | C70: 2x1 | D70: 6x0.6 | E70: 8x0.6 | F70: 16x0.6 | G70: 1x5 | H70: 20x0.6 | I70: 6x1.2 | J70: 1x10 | K70: 40x0.6 | L70: 12x1.2 | M70: 32x1.2 | N70: 28.x.6
B71: Shaped filter | F71: z-sharp | H71: z-sharp | K71: z-sharp | N71: z-sharp
A72: kV
A73: 70 | B73: Center | C73: 0.54 | D73: 0.87 | E73: 0.8 | F73: 0.93 | G73: 0.48 | H73: 0.65 | I73: 0.69 | J73: 0.48 | K73: 0.66 | L73: 0.62 | M73: 0.54 | N73: 0.55
B74: CTDIw | C74: 0.9 | D74: 1.45 | E74: 1.33 | F74: 1.54 | G74: 0.8 | H74: 1.07 | I74: 1.16 | J74: 0.8 | K74: 1.09 | L74: 1.03 | M74: 0.9 | N74: 0.9
B75: k | C75: =IF(OR(C73="",C74=""),"",C74/C73) -> 1.6666667 | D75: =IF(OR(D73="",D74=""),"",D74/D73) -> 1.6666667 | E75: =IF(OR(E73="",E74=""),"",E74/E73) -> 1.6625 | F75: =IF(OR(F73="",F74=""),"",F74/F73) -> 1.655914 | G75: =IF(OR(G73="",G74=""),"",G74/G73) -> 1.6666667 | H75: =IF(OR(H73="",H74=""),"",H74/H73) -> 1.6461538 | I75: =IF(OR(I73="",I74=""),"",I74/I73) -> 1.6811594 | J75: =IF(OR(J73="",J74=""),"",J74/J73) -> 1.6666667 | ... N75: =IF(OR(N73="",N74=""),"",N74/N73) -> 1.6363636
A76: 80 | B76: Center | C76: 0.94 | D76: 1.52 | E76: 1.39 | F76: 1.62 | G76: 0.84 | H76: 1.12 | I76: 1.21 | J76: 0.84 | K76: 1.15 | L76: 1.08 | M76: 0.94 | N76: 0.95
B77: CTDIw | C77: 1.46 | D77: 2.36 | E77: 2.17 | F77: 2.48 | G77: 1.31 | H77: 1.72 | I77: 1.88 | J77: 1.31 | K77: 1.76 | L77: 1.68 | M77: 1.47 | N77: 1.45
B78: k | C78: =IF(OR(C76="",C77=""),"",C77/C76) -> 1.5531915 | D78: =IF(OR(D76="",D77=""),"",D77/D76) -> 1.5526316 | E78: =IF(OR(E76="",E77=""),"",E77/E76) -> 1.5611511 | F78: =IF(OR(F76="",F77=""),"",F77/F76) -> 1.5308642 | G78: =IF(OR(G76="",G77=""),"",G77/G76) -> 1.5595238 | H78: =IF(OR(H76="",H77=""),"",H77/H76) -> 1.5357143 | I78: =IF(OR(I76="",I77=""),"",I77/I76) -> 1.553719 | J78: =IF(OR(J76="",J77=""),"",J77/J76) -> 1.5595238 | ... N78: =IF(OR(N76="",N77=""),"",N77/N76) -> 1.5263158
A79: 100 | B79: Center | C79: 2.17 | D79: 3.51 | E79: 3.22 | F79: 3.75 | G79: 1.94 | H79: 2.6 | I79: 2.79 | J79: 1.94 | K79: 2.65 | L79: 2.49 | M79: 2.17 | N79: 2.19
B80: CTDIw | C80: 3.12 | D80: 5.06 | E80: 4.65 | F80: 5.34 | G80: 2.8 | H80: 3.7 | I80: 4.03 | J80: 2.8 | K80: 3.78 | L80: 3.59 | M80: 3.14 | N80: 3.12
B81: k | C81: =IF(OR(C79="",C80=""),"",C80/C79) -> 1.437788 | D81: =IF(OR(D79="",D80=""),"",D80/D79) -> 1.4415954 | E81: =IF(OR(E79="",E80=""),"",E80/E79) -> 1.4440994 | F81: =IF(OR(F79="",F80=""),"",F80/F79) -> 1.424 | G81: =IF(OR(G79="",G80=""),"",G80/G79) -> 1.443299 | H81: =IF(OR(H79="",H80=""),"",H80/H79) -> 1.4230769 | I81: =IF(OR(I79="",I80=""),"",I80/I79) -> 1.4444444 | J81: =IF(OR(J79="",J80=""),"",J80/J79) -> 1.443299 | ... N81: =IF(OR(N79="",N80=""),"",N80/N79) -> 1.4246575
A82: 120 | B82: Center | C82: 3.84 | D82: 6.22 | E82: 5.72 | F82: 6.67 | G82: 3.45 | H82: 4.62 | I82: 4.95 | J82: 3.45 | K82: 4.71 | L82: 4.42 | M82: 3.86 | N82: 3.89
B83: CTDIw | C83: 5.36 | D83: 8.68 | E83: 7.98 | F83: 9.21 | G83: 4.81 | H83: 6.39 | I83: 6.91 | J83: 4.81 | K83: 6.51 | L83: 6.17 | M83: 5.39 | N83: 5.38
B84: k | C84: =IF(OR(C82="",C83=""),"",C83/C82) -> 1.3958333 | D84: =IF(OR(D82="",D83=""),"",D83/D82) -> 1.3954984 | E84: =IF(OR(E82="",E83=""),"",E83/E82) -> 1.3951049 | F84: =IF(OR(F82="",F83=""),"",F83/F82) -> 1.3808096 | G84: =IF(OR(G82="",G83=""),"",G83/G82) -> 1.3942029 | H84: =IF(OR(H82="",H83=""),"",H83/H82) -> 1.3831169 | I84: =IF(OR(I82="",I83=""),"",I83/I82) -> 1.3959596 | J84: =IF(OR(J82="",J83=""),"",J83/J82) -> 1.3942029 | ... N84: =IF(OR(N82="",N83=""),"",N83/N82) -> 1.3830334
A85: 140 | B85: Center | C85: 5.89 | D85: 9.53 | E85: 8.76 | F85: 10.45 | G85: 5.28 | H85: 7.25 | I85: 7.59 | J85: 5.28 | K85: 7.38 | L85: 6.77 | M85: 5.91 | N85: 6.1
B86: CTDIw | C86: 8.03 | D86: 13 | E86: 11.95 | F86: 14.2 | G86: 7.2 | H86: 9.84 | I86: 10.36 | J86: 7.2 | K86: 10.03 | L86: 9.24 | M86: 8.07 | N86: 8.28
B87: k | C87: =IF(OR(C85="",C86=""),"",C86/C85) -> 1.3633277 | D87: =IF(OR(D85="",D86=""),"",D86/D85) -> 1.3641133 | E87: =IF(OR(E85="",E86=""),"",E86/E85) -> 1.3641553 | F87: =IF(OR(F85="",F86=""),"",F86/F85) -> 1.3588517 | G87: =IF(OR(G85="",G86=""),"",G86/G85) -> 1.3636364 | H87: =IF(OR(H85="",H86=""),"",H86/H85) -> 1.3572414 | I87: =IF(OR(I85="",I86=""),"",I86/I85) -> 1.3649539 | J87: =IF(OR(J85="",J86=""),"",J86/J85) -> 1.3636364 | ... N87: =IF(OR(N85="",N86=""),"",N86/N85) -> 1.357377

Sheet X.cite
A1: 16 cm phantom, Standard shaped filter (Routine head)
B2: Collimation | C2: 6x0.6 | D2: 1x5 | E2: 1x10 | F2: 3x3 | G2: 3x5 | H2: 64x0.6 | I2: 64x0.6 | J2: 128x0.6
B3: Acquisition | C3: 6x0.6 | D3: 1x5 | E3: 1x10 | F3: 3x3 | G3: 3x5 | H3: 32x0.6 | I3: 64x0.6 | J3: 64x0.6
A4: kV
A5: 70 | B5: Center | E5: 3.16 | H5: 4.47 | I5: 3.93 | J5: 3.91
B6: CTDIw | E6: 3.4 | H6: 4.8 | I6: 4.24 | J6: 4.21
B7: k | C7: =IF(OR(C5="",C6=""),"",C6/C5) | D7: =IF(OR(D5="",D6=""),"",D6/D5) | E7: =IF(OR(E5="",E6=""),"",E6/E5) -> 1.0759494 | F7: =IF(OR(F5="",F6=""),"",F6/F5) | G7: =IF(OR(G5="",G6=""),"",G6/G5) | H7: =IF(OR(H5="",H6=""),"",H6/H5) -> 1.0738255 | I7: =IF(OR(I5="",I6=""),"",I6/I5) -> 1.0788804 | J7: =IF(OR(J5="",J6=""),"",J6/J5) -> 1.0767263
A8: 80 | B8: Center | E8: 4.87 | H8: 6.88 | I8: 6.05 | J8: 6.02
B9: CTDIw | E9: 5.14 | H9: 7.25 | I9: 6.42 | J9: 6.37
B10: k | C10: =IF(OR(C8="",C9=""),"",C9/C8) | D10: =IF(OR(D8="",D9=""),"",D9/D8) | E10: =IF(OR(E8="",E9=""),"",E9/E8) -> 1.0554415 | F10: =IF(OR(F8="",F9=""),"",F9/F8) | G10: =IF(OR(G8="",G9=""),"",G9/G8) | H10: =IF(OR(H8="",H9=""),"",H9/H8) -> 1.0537791 | I10: =IF(OR(I8="",I9=""),"",I9/I8) -> 1.061157 | J10: =IF(OR(J8="",J9=""),"",J9/J8) -> 1.0581395
A11: 90 | B11: Center | E11: 6.88 | H11: 9.73 | I11: 8.56 | J11: 8.52
B12: CTDIw | E12: 7.19 | H12: 10.15 | I12: 8.97 | J12: 8.9
B13: k | C13: =IF(OR(C11="",C12=""),"",C12/C11) | D13: =IF(OR(D11="",D12=""),"",D12/D11) | E13: =IF(OR(E11="",E12=""),"",E12/E11) -> 1.0450581 | F13: =IF(OR(F11="",F12=""),"",F12/F11) | G13: =IF(OR(G11="",G12=""),"",G12/G11) | H13: =IF(OR(H11="",H12=""),"",H12/H11) -> 1.0431655 | I13: =IF(OR(I11="",I12=""),"",I12/I11) -> 1.0478972 | J13: =IF(OR(J11="",J12=""),"",J12/J11) -> 1.0446009
A14: 100 | B14: Center | E14: 9.15 | H14: 12.95 | I14: 11.38 | J14: 11.33
B15: CTDIw | E15: 9.49 | H15: 13.39 | I15: 11.84 | J15: 11.75
B16: k | C16: =IF(OR(C14="",C15=""),"",C15/C14) | D16: =IF(OR(D14="",D15=""),"",D15/D14) | E16: =IF(OR(E14="",E15=""),"",E15/E14) -> 1.0371585 | F16: =IF(OR(F14="",F15=""),"",F15/F14) | G16: =IF(OR(G14="",G15=""),"",G15/G14) | H16: =IF(OR(H14="",H15=""),"",H15/H14) -> 1.0339768 | I16: =IF(OR(I14="",I15=""),"",I15/I14) -> 1.0404218 | J16: =IF(OR(J14="",J15=""),"",J15/J14) -> 1.0370697
A17: 110 | B17: Center | E17: 11.63 | H17: 16.45 | I17: 14.46 | J17: 14.4
B18: CTDIw | E18: 12.01 | H18: 16.94 | I18: 14.98 | J18: 14.86
B19: k | C19: =IF(OR(C17="",C18=""),"",C18/C17) | D19: =IF(OR(D17="",D18=""),"",D18/D17) | E19: =IF(OR(E17="",E18=""),"",E18/E17) -> 1.0326741 | F19: =IF(OR(F17="",F18=""),"",F18/F17) | G19: =IF(OR(G17="",G18=""),"",G18/G17) | H19: =IF(OR(H17="",H18=""),"",H18/H17) -> 1.0297872 | I19: =IF(OR(I17="",I18=""),"",I18/I17) -> 1.0359613 | J19: =IF(OR(J17="",J18=""),"",J18/J17) -> 1.0319444
A20: 120 | B20: Center | E20: 14.33 | H20: 20.26 | I20: 17.81 | J20: 17.73
B21: CTDIw | E21: 14.71 | H21: 20.75 | I21: 18.36 | J21: 18.21
B22: k | C22: =IF(OR(C20="",C21=""),"",C21/C20) | D22: =IF(OR(D20="",D21=""),"",D21/D20) | E22: =IF(OR(E20="",E21=""),"",E21/E20) -> 1.0265178 | F22: =IF(OR(F20="",F21=""),"",F21/F20) | G22: =IF(OR(G20="",G21=""),"",G21/G20) | H22: =IF(OR(H20="",H21=""),"",H21/H20) -> 1.0241856 | I22: =IF(OR(I20="",I21=""),"",I21/I20) -> 1.0308815 | J22: =IF(OR(J20="",J21=""),"",J21/J20) -> 1.0270728
A23: 130 | B23: Center | E23: 17.15 | H23: 24.27 | I23: 21.33 | J23: 21.24
B24: CTDIw | E24: 17.6 | H24: 24.83 | I24: 21.96 | J24: 21.79
B25: k | C25: =IF(OR(C23="",C24=""),"",C24/C23) | D25: =IF(OR(D23="",D24=""),"",D24/D23) | E25: =IF(OR(E23="",E24=""),"",E24/E23) -> 1.0262391 | F25: =IF(OR(F23="",F24=""),"",F24/F23) | G25: =IF(OR(G23="",G24=""),"",G24/G23) | H25: =IF(OR(H23="",H24=""),"",H24/H23) -> 1.0230738 | I25: =IF(OR(I23="",I24=""),"",I24/I23) -> 1.0295359 | J25: =IF(OR(J23="",J24=""),"",J24/J23) -> 1.0258945
A26: 140 | B26: Center | E26: 20.15 | H26: 28.51 | I26: 25.06 | J26: 24.95
B27: CTDIw | E27: 20.65 | H27: 29.14 | I27: 25.77 | J27: 25.57
B28: k | C28: =IF(OR(C26="",C27=""),"",C27/C26) | D28: =IF(OR(D26="",D27=""),"",D27/D26) | E28: =IF(OR(E26="",E27=""),"",E27/E26) -> 1.0248139 | F28: =IF(OR(F26="",F27=""),"",F27/F26) | G28: =IF(OR(G26="",G27=""),"",G27/G26) | H28: =IF(OR(H26="",H27=""),"",H27/H26) -> 1.0220975 | I28: =IF(OR(I26="",I27=""),"",I27/I26) -> 1.028332 | J28: =IF(OR(J26="",J27=""),"",J27/J26) -> 1.0248497
A29: 150 | B29: Center | E29: 23.36 | H29: 33.04 | I29: 29.05 | J29: 28.92
B30: CTDIw | E30: 23.89 | H30: 33.7 | I30: 29.81 | J30: 29.57
B31: k | C31: =IF(OR(C29="",C30=""),"",C30/C29) | D31: =IF(OR(D29="",D30=""),"",D30/D29) | E31: =IF(OR(E29="",E30=""),"",E30/E29) -> 1.0226884 | F31: =IF(OR(F29="",F30=""),"",F30/F29) | G31: =IF(OR(G29="",G30=""),"",G30/G29) | H31: =IF(OR(H29="",H30=""),"",H30/H29) -> 1.0199758 | I31: =IF(OR(I29="",I30=""),"",I30/I29) -> 1.0261618 | J31: =IF(OR(J29="",J30=""),"",J30/J29) -> 1.0224758
A32: 100SnLD | B32: Center | C32: 2.7 | H32: 2.08 | I32: 1.83 | J32: 1.82
B33: CTDIw | C33: 2.69 | H33: 2.08 | I33: 1.84 | J33: 1.83
B34: k | C34: =IF(OR(C32="",C33=""),"",C33/C32) -> 0.9962963 | D34: =IF(OR(D32="",D33=""),"",D33/D32) | E34: =IF(OR(E32="",E33=""),"",E33/E32) | F34: =IF(OR(F32="",F33=""),"",F33/F32) | G34: =IF(OR(G32="",G33=""),"",G33/G32) | H34: =IF(OR(H32="",H33=""),"",H33/H32) -> 1 | I34: =IF(OR(I32="",I33=""),"",I33/I32) -> 1.0054645 | J34: =IF(OR(J32="",J33=""),"",J33/J32) -> 1.0054945
A35: 110SnLD | B35: Center | H35: 3.19 | I35: 2.8 | J35: 2.79
B36: CTDIw | H36: 3.18 | I36: 2.821 | J36: 2.8
B37: k | C37: =IF(OR(C35="",C36=""),"",C36/C35) | D37: =IF(OR(D35="",D36=""),"",D36/D35) | E37: =IF(OR(E35="",E36=""),"",E36/E35) | F37: =IF(OR(F35="",F36=""),"",F36/F35) | G37: =IF(OR(G35="",G36=""),"",G36/G35) | H37: =IF(OR(H35="",H36=""),"",H36/H35) -> 0.9968652 | I37: =IF(OR(I35="",I36=""),"",I36/I35) -> 1.0075 | J37: =IF(OR(J35="",J36=""),"",J36/J35) -> 1.0035842
A38: 120SnLD | B38: Center | H38: 4.55 | I38: 4 | J38: 3.97
B39: CTDIw | H39: 4.55 | I39: 4.03 | J39: 4
B40: k | C40: =IF(OR(C38="",C39=""),"",C39/C38) | D40: =IF(OR(D38="",D39=""),"",D39/D38) | E40: =IF(OR(E38="",E39=""),"",E39/E38) | F40: =IF(OR(F38="",F39=""),"",F39/F38) | G40: =IF(OR(G38="",G39=""),"",G39/G38) | H40: =IF(OR(H38="",H39=""),"",H39/H38) -> 1 | I40: =IF(OR(I38="",I39=""),"",I39/I38) -> 1.0075 | J40: =IF(OR(J38="",J39=""),"",J39/J38) -> 1.0075567
A41: 130SnLD | B41: Center | H41: 6.17 | I41: 5.43 | J41: 5.39
B42: CTDIw | H42: 6.19 | I42: 5.49 | J42: 5.44
B43: k | C43: =IF(OR(C41="",C42=""),"",C42/C41) | D43: =IF(OR(D41="",D42=""),"",D42/D41) | E43: =IF(OR(E41="",E42=""),"",E42/E41) | F43: =IF(OR(F41="",F42=""),"",F42/F41) | G43: =IF(OR(G41="",G42=""),"",G42/G41) | H43: =IF(OR(H41="",H42=""),"",H42/H41) -> 1.0032415 | I43: =IF(OR(I41="",I42=""),"",I42/I41) -> 1.0110497 | J43: =IF(OR(J41="",J42=""),"",J42/J41) -> 1.0092764
A44: 140SnLD | B44: Center | C44: 10.39 | H44: 8.05 | I44: 7.09 | J44: 7.04
B45: CTDIw | C45: 10.47 | H45: 8.1 | I45: 7.18 | J45: 7.12
B46: k | C46: =IF(OR(C44="",C45=""),"",C45/C44) -> 1.0076997 | D46: =IF(OR(D44="",D45=""),"",D45/D44) | E46: =IF(OR(E44="",E45=""),"",E45/E44) | F46: =IF(OR(F44="",F45=""),"",F45/F44) | G46: =IF(OR(G44="",G45=""),"",G45/G44) | H46: =IF(OR(H44="",H45=""),"",H45/H44) -> 1.0062112 | I46: =IF(OR(I44="",I45=""),"",I45/I44) -> 1.0126939 | J46: =IF(OR(J44="",J45=""),"",J45/J44) -> 1.0113636
A47: 150SnLD | B47: Center | H47: 10.19 | I47: 8.97 | J47: 8.91
B48: CTDIw | H48: 10.28 | I48: 9.11 | J48: 9.04
B49: k | C49: =IF(OR(C47="",C48=""),"",C48/C47) | D49: =IF(OR(D47="",D48=""),"",D48/D47) | E49: =IF(OR(E47="",E48=""),"",E48/E47) | F49: =IF(OR(F47="",F48=""),"",F48/F47) | G49: =IF(OR(G47="",G48=""),"",G48/G47) | H49: =IF(OR(H47="",H48=""),"",H48/H47) -> 1.0088322 | I49: =IF(OR(I47="",I48=""),"",I48/I47) -> 1.0156076 | J49: =IF(OR(J47="",J48=""),"",J48/J47) -> 1.0145903
A50: 150SnDE | B50: Center | H50: 6.01 | I50: 5.3 | J50: 5.27
B51: CTDIw | H51: 6.1 | I51: 5.41 | J51: 6.36
B52: k | C52: =IF(OR(C50="",C51=""),"",C51/C50) | D52: =IF(OR(D50="",D51=""),"",D51/D50) | E52: =IF(OR(E50="",E51=""),"",E51/E50) | F52: =IF(OR(F50="",F51=""),"",F51/F50) | G52: =IF(OR(G50="",G51=""),"",G51/G50) | H52: =IF(OR(H50="",H51=""),"",H51/H50) -> 1.014975 | I52: =IF(OR(I50="",I51=""),"",I51/I50) -> 1.0207547 | J52: =IF(OR(J50="",J51=""),"",J51/J50) -> 1.2068311
A53: 120AuSn | B53: Center | I53: 4.09
B54: CTDIw | I54: 4.11
B55: k | C55: =IF(OR(C53="",C54=""),"",C54/C53) | D55: =IF(OR(D53="",D54=""),"",D54/D53) | E55: =IF(OR(E53="",E54=""),"",E54/E53) | F55: =IF(OR(F53="",F54=""),"",F54/F53) | G55: =IF(OR(G53="",G54=""),"",G54/G53) | H55: =IF(OR(H53="",H54=""),"",H54/H53) | I55: =IF(OR(I53="",I54=""),"",I54/I53) -> 1.00489 | J55: =IF(OR(J53="",J54=""),"",J54/J53)
A56: 140AuSn | B56: Center | I56: 6.73
B57: CTDIw | I57: 6.8
B58: k | C58: =IF(OR(C56="",C57=""),"",C57/C56) | D58: =IF(OR(D56="",D57=""),"",D57/D56) | E58: =IF(OR(E56="",E57=""),"",E57/E56) | F58: =IF(OR(F56="",F57=""),"",F57/F56) | G58: =IF(OR(G56="",G57=""),"",G57/G56) | H58: =IF(OR(H56="",H57=""),"",H57/H56) | I58: =IF(OR(I56="",I57=""),"",I57/I56) -> 1.0104012 | J58: =IF(OR(J56="",J57=""),"",J57/J56)
A60: 16 cm phantom, Narrow shaped filter
B61: Collimation | C61: 6x0.6 | D61: 1x5 | E61: 1x10 | F61: 3x3 | G61: 3x5 | H61: 64x0.6 | I61: 64x0.6 | J61: 128x0.6
B62: Acquisition | C62: 6x0.6 | D62: 1x5 | E62: 1x10 | F62: 3x3 | G62: 3x5 | H62: 32x0.6 | I62: 64x0.6 | J62: 64x0.6
A63: kV
A64: 70 | B64: Center | D64: 3.1 | E64: 2.82 | F64: 3.93 | G64: 3.75 | H64: 3.98 | I64: 3.5 | J64: 3.48
B65: CTDIw | D65: 3.12 | E65: 2.84 | F65: 4 | G65: 3.81 | H65: 4.01 | I65: 3.55 | J65: 3.52
B66: k | C66: =IF(OR(C64="",C65=""),"",C65/C64) | D66: =IF(OR(D64="",D65=""),"",D65/D64) -> 1.0064516 | E66: =IF(OR(E64="",E65=""),"",E65/E64) -> 1.0070922 | F66: =IF(OR(F64="",F65=""),"",F65/F64) -> 1.0178117 | G66: =IF(OR(G64="",G65=""),"",G65/G64) -> 1.016 | H66: =IF(OR(H64="",H65=""),"",H65/H64) -> 1.0075377 | I66: =IF(OR(I64="",I65=""),"",I65/I64) -> 1.0142857 | J66: =IF(OR(J64="",J65=""),"",J65/J64) -> 1.0114943
A67: 80 | B67: Center | D67: 4.83 | E67: 4.38 | F67: 6.13 | G67: 5.85 | H67: 6.19 | I67: 5.45 | J67: 5.42
B68: CTDIw | D68: 4.8 | E68: 4.37 | F68: 6.15 | G68: 5.86 | H68: 6.16 | I68: 5.46 | J68: 5.41
B69: k | C69: =IF(OR(C67="",C68=""),"",C68/C67) | D69: =IF(OR(D67="",D68=""),"",D68/D67) -> 0.99378882 | E69: =IF(OR(E67="",E68=""),"",E68/E67) -> 0.99771689 | F69: =IF(OR(F67="",F68=""),"",F68/F67) -> 1.0032626 | G69: =IF(OR(G67="",G68=""),"",G68/G67) -> 1.0017094 | H69: =IF(OR(H67="",H68=""),"",H68/H67) -> 0.99515347 | I69: =IF(OR(I67="",I68=""),"",I68/I67) -> 1.0018349 | J69: =IF(OR(J67="",J68=""),"",J68/J67) -> 0.99815498
A70: 90 | B70: Center | D70: 6.89 | E70: 6.26 | F70: 8.75 | G70: 8.34 | H70: 8.84 | I70: 7.78 | J70: 7.74
B71: CTDIw | D71: 6.8 | E71: 6.19 | F71: 8.72 | G71: 8.3 | H71: 8.73 | I71: 7.74 | J71: 7.67
B72: k | C72: =IF(OR(C70="",C71=""),"",C71/C70) | D72: =IF(OR(D70="",D71=""),"",D71/D70) -> 0.98693759 | E72: =IF(OR(E70="",E71=""),"",E71/E70) -> 0.98881789 | F72: =IF(OR(F70="",F71=""),"",F71/F70) -> 0.99657143 | G72: =IF(OR(G70="",G71=""),"",G71/G70) -> 0.99520384 | H72: =IF(OR(H70="",H71=""),"",H71/H70) -> 0.98755656 | I72: =IF(OR(I70="",I71=""),"",I71/I70) -> 0.99485861 | J72: =IF(OR(J70="",J71=""),"",J71/J70) -> 0.99095607
A73: 100 | B73: Center | D73: 9.22 | E73: 8.36 | F73: 11.69 | G73: 11.15 | H73: 11.81 | I73: 10.4 | J73: 10.35
B74: CTDIw | D74: 9.06 | E74: 8.24 | F74: 11.61 | G74: 11.06 | H74: 11.63 | I74: 10.3 | J74: 10.21
B75: k | C75: =IF(OR(C73="",C74=""),"",C74/C73) | D75: =IF(OR(D73="",D74=""),"",D74/D73) -> 0.98264642 | E75: =IF(OR(E73="",E74=""),"",E74/E73) -> 0.98564593 | F75: =IF(OR(F73="",F74=""),"",F74/F73) -> 0.99315654 | G75: =IF(OR(G73="",G74=""),"",G74/G73) -> 0.99192825 | H75: =IF(OR(H73="",H74=""),"",H74/H73) -> 0.98475868 | I75: =IF(OR(I73="",I74=""),"",I74/I73) -> 0.99038462 | J75: =IF(OR(J73="",J74=""),"",J74/J73) -> 0.98647343
A76: 110 | B76: Center | D76: 11.77 | E76: 10.69 | F76: 14.94 | G76: 14.23 | H76: 15.1 | I76: 13.29 | J76: 13.23
B77: CTDIw | D77: 11.53 | E77: 10.5 | F77: 14.79 | G77: 14.09 | H77: 14.81 | I77: 13.13 | J77: 13.01
B78: k | C78: =IF(OR(C76="",C77=""),"",C77/C76) | D78: =IF(OR(D76="",D77=""),"",D77/D76) -> 0.97960918 | E78: =IF(OR(E76="",E77=""),"",E77/E76) -> 0.98222638 | F78: =IF(OR(F76="",F77=""),"",F77/F76) -> 0.98995984 | G78: =IF(OR(G76="",G77=""),"",G77/G76) -> 0.99016163 | H78: =IF(OR(H76="",H77=""),"",H77/H76) -> 0.9807947 | I78: =IF(OR(I76="",I77=""),"",I77/I76) -> 0.98796087 | J78: =IF(OR(J76="",J77=""),"",J77/J76) -> 0.98337113
A79: 120 | B79: Center | D79: 14.55 | E79: 13.2 | F79: 18.44 | G79: 17.59 | H79: 18.64 | I79: 16.41 | J79: 16.33
B80: CTDIw | D80: 14.23 | E80: 12.95 | F80: 18.24 | G80: 17.38 | H80: 18.26 | I80: 16.19 | J80: 16.04
B81: k | C81: =IF(OR(C79="",C80=""),"",C80/C79) | D81: =IF(OR(D79="",D80=""),"",D80/D79) -> 0.97800687 | E81: =IF(OR(E79="",E80=""),"",E80/E79) -> 0.98106061 | F81: =IF(OR(F79="",F80=""),"",F80/F79) -> 0.98915401 | G81: =IF(OR(G79="",G80=""),"",G80/G79) -> 0.9880614 | H81: =IF(OR(H79="",H80=""),"",H80/H79) -> 0.97961373 | I81: =IF(OR(I79="",I80=""),"",I80/I79) -> 0.98659354 | J81: =IF(OR(J79="",J80=""),"",J80/J79) -> 0.98224127
A82: 130 | B82: Center | D82: 17.51 | E82: 15.87 | F82: 22.17 | G82: 21.17 | H82: 22.41 | I82: 19.73 | J82: 19.64
B83: CTDIw | D83: 17.11 | E83: 15.57 | F83: 21.93 | G83: 20.9 | H83: 21.96 | I83: 19.46 | J83: 19.29
B84: k | C84: =IF(OR(C82="",C83=""),"",C83/C82) | D84: =IF(OR(D82="",D83=""),"",D83/D82) -> 0.97715591 | E84: =IF(OR(E82="",E83=""),"",E83/E82) -> 0.98109641 | F84: =IF(OR(F82="",F83=""),"",F83/F82) -> 0.98917456 | G84: =IF(OR(G82="",G83=""),"",G83/G82) -> 0.9872461 | H84: =IF(OR(H82="",H83=""),"",H83/H82) -> 0.97991968 | I84: =IF(OR(I82="",I83=""),"",I83/I82) -> 0.98631526 | J84: =IF(OR(J82="",J83=""),"",J83/J82) -> 0.98217923
A85: 140 | B85: Center | D85: 20.65 | E85: 18.71 | F85: 26.14 | G85: 24.97 | H85: 26.42 | I85: 23.26 | J85: 23.15
B86: CTDIw | D86: 20.18 | E86: 18.36 | F86: 25.86 | G86: 24.65 | H86: 25.89 | I86: 22.95 | J86: 22.74
B87: k | C87: =IF(OR(C85="",C86=""),"",C86/C85) | D87: =IF(OR(D85="",D86=""),"",D86/D85) -> 0.97723971 | E87: =IF(OR(E85="",E86=""),"",E86/E85) -> 0.98129343 | F87: =IF(OR(F85="",F86=""),"",F86/F85) -> 0.98928845 | G87: =IF(OR(G85="",G86=""),"",G86/G85) -> 0.98718462 | H87: =IF(OR(H85="",H86=""),"",H86/H85) -> 0.97993944 | I87: =IF(OR(I85="",I86=""),"",I86/I85) -> 0.9866724 | J87: =IF(OR(J85="",J86=""),"",J86/J85) -> 0.98228942
A88: 150 | B88: Center | D88: 23.98 | E88: 21.71 | F88: 30.33 | G88: 28.92 | H88: 30.66 | I88: 26.99 | J88: 26.86
B89: CTDIw | D89: 23.43 | E89: 21.31 | F89: 30.02 | G89: 28.6 | H89: 30.06 | I89: 26.64 | J89: 26.4
B90: k | C90: =IF(OR(C88="",C89=""),"",C89/C88) | D90: =IF(OR(D88="",D89=""),"",D89/D88) -> 0.97706422 | E90: =IF(OR(E88="",E89=""),"",E89/E88) -> 0.98157531 | F90: =IF(OR(F88="",F89=""),"",F89/F88) -> 0.9897791 | G90: =IF(OR(G88="",G89=""),"",G89/G88) -> 0.98893499 | H90: =IF(OR(H88="",H89=""),"",H89/H88) -> 0.98043053 | I90: =IF(OR(I88="",I89=""),"",I89/I88) -> 0.98703223 | J90: =IF(OR(J88="",J89=""),"",J89/J88) -> 0.98287416
A91: 100SnLD | B91: Center | C91: 2.53 | F91: 1094 | G91: 1.84 | H91: 1.96 | I91: 1.72 | J91: 1.71
B92: CTDIw | C92: 2.45 | F92: 1.89 | G92: 1.8 | H92: 1.9 | I92: 1.68 | J92: 1.66
B93: k | C93: =IF(OR(C91="",C92=""),"",C92/C91) -> 0.96837945 | D93: =IF(OR(D91="",D92=""),"",D92/D91) | E93: =IF(OR(E91="",E92=""),"",E92/E91) | F93: =IF(OR(F91="",F92=""),"",F92/F91) -> 0.0017276051 | G93: =IF(OR(G91="",G92=""),"",G92/G91) -> 0.97826087 | H93: =IF(OR(H91="",H92=""),"",H92/H91) -> 0.96938776 | I93: =IF(OR(I91="",I92=""),"",I92/I91) -> 0.97674419 | J93: =IF(OR(J91="",J92=""),"",J92/J91) -> 0.97076023
A94: 110SnLD | B94: Center | F94: 2.97 | G94: 2.82 | H94: 3 | I94: 2.64 | J94: 2.62
B95: CTDIw | F95: 2.91 | G95: 2.77 | H95: 2.92 | I95: 2.58 | J95: 2.56
B96: k | C96: =IF(OR(C94="",C95=""),"",C95/C94) | D96: =IF(OR(D94="",D95=""),"",D95/D94) | E96: =IF(OR(E94="",E95=""),"",E95/E94) | F96: =IF(OR(F94="",F95=""),"",F95/F94) -> 0.97979798 | G96: =IF(OR(G94="",G95=""),"",G95/G94) -> 0.9822695 | H96: =IF(OR(H94="",H95=""),"",H95/H94) -> 0.97333333 | I96: =IF(OR(I94="",I95=""),"",I95/I94) -> 0.97727273 | J96: =IF(OR(J94="",J95=""),"",J95/J94) -> 0.97709924
A97: 120SnLD | B97: Center | F97: 4.25 | G97: 4.04 | H97: 4.3 | I97: 3.78 | J97: 3.76
B98: CTDIw | F98: 4.17 | G98: 3.97 | H98: 4.19 | I98: 3.7 | J98: 3.67
B99: k | C99: =IF(OR(C97="",C98=""),"",C98/C97) | D99: =IF(OR(D97="",D98=""),"",D98/D97) | E99: =IF(OR(E97="",E98=""),"",E98/E97) | F99: =IF(OR(F97="",F98=""),"",F98/F97) -> 0.98117647 | G99: =IF(OR(G97="",G98=""),"",G98/G97) -> 0.98267327 | H99: =IF(OR(H97="",H98=""),"",H98/H97) -> 0.9744186 | I99: =IF(OR(I97="",I98=""),"",I98/I97) -> 0.97883598 | J99: =IF(OR(J97="",J98=""),"",J98/J97) -> 0.97606383
A100: 130SnLD | B100: Center | F100: 5.77 | G100: 5.49 | H100: 5.84 | I100: 4.14 | J100: 5.11
B101: CTDIw | F101: 5.69 | G101: 5.42 | H101: 5.71 | I101: 5.05 | J101: 5.01
...

Sheet Confidence 20
A1: 16 cm phantom, Standard shaped filter (Routine head)
B2: Collimation | C2: 2x1 | D2: 1x5 | E2: 10x0.6 | F2: 6x1.2 | G2: 1x10 | H2: 20x0.6 | I2: 12x1.2 | J2: 16x1.2
B3: Total | C3: 2 | D3: 5 | E3: 6 | F3: 7.2 | G3: 10 | H3: 12 | I3: 14.4 | J3: 19.2
B4: Acquisition | C4: 2x1 | D4: 1x5 | E4: 10x0.6 | F4: 6x1.2 | G4: 1x10 | H4: 20x0.6 | I4: 12x1.2 | J4: 16x1.2
A5: kV
A6: 70 | B6: Center | C6: 2.86 | D6: 2.57 | E6: 3.54 | F6: 3.69 | G6: 2.57 | H6: 3.48 | I6: 3.29 | J6: 3.15
B7: CTDIw | C7: 3.06 | D7: 2.74 | E7: 3.79 | F7: 3.94 | G7: 2.74 | H7: 3.71 | I7: 3.52 | J7: 3.37
B8: k | C8: =IF(OR(C6="",C7=""),"",C7/C6) -> 1.0699301 | D8: =IF(OR(D6="",D7=""),"",D7/D6) -> 1.0661479 | E8: =IF(OR(E6="",E7=""),"",E7/E6) -> 1.0706215 | F8: =IF(OR(F6="",F7=""),"",F7/F6) -> 1.0677507 | G8: =IF(OR(G6="",G7=""),"",G7/G6) -> 1.0661479 | H8: =IF(OR(H6="",H7=""),"",H7/H6) -> 1.066092 | I8: =IF(OR(I6="",I7=""),"",I7/I6) -> 1.0699088 | J8: =IF(OR(J6="",J7=""),"",J7/J6) -> 1.0698413
A9: 80 | B9: Center | C9: 4.57 | D9: 4.1 | E9: 5.65 | F9: 5.89 | G9: 4.1 | H9: 5.54 | I9: 5.25 | J9: 5.03
B10: CTDIw | C10: 4.77 | D10: 4.28 | E10: 5.91 | F10: 6.16 | G10: 4.28 | H10: 5.8 | I10: 5.49 | J10: 5.26
B11: k | C11: =IF(OR(C9="",C10=""),"",C10/C9) -> 1.0437637 | D11: =IF(OR(D9="",D10=""),"",D10/D9) -> 1.0439024 | E11: =IF(OR(E9="",E10=""),"",E10/E9) -> 1.0460177 | F11: =IF(OR(F9="",F10=""),"",F10/F9) -> 1.0458404 | G11: =IF(OR(G9="",G10=""),"",G10/G9) -> 1.0439024 | H11: =IF(OR(H9="",H10=""),"",H10/H9) -> 1.0469314 | I11: =IF(OR(I9="",I10=""),"",I10/I9) -> 1.0457143 | J11: =IF(OR(J9="",J10=""),"",J10/J9) -> 1.0457256
A12: 100 | B12: Center | C12: 8.84 | D12: 7.93 | E12: 10.94 | F12: 11.4 | G12: 7.93 | H12: 10.73 | I12: 10.17 | J12: 9.73
B13: CTDIw | C13: 9.02 | D13: 8.1 | E13: 11.17 | F13: 11.64 | G13: 8.1 | H13: 10.96 | I13: 10.39 | J13: 9.94
B14: k | C14: =IF(OR(C12="",C13=""),"",C13/C12) -> 1.020362 | D14: =IF(OR(D12="",D13=""),"",D13/D12) -> 1.0214376 | E14: =IF(OR(E12="",E13=""),"",E13/E12) -> 1.0210238 | F14: =IF(OR(F12="",F13=""),"",F13/F12) -> 1.0210526 | G14: =IF(OR(G12="",G13=""),"",G13/G12) -> 1.0214376 | H14: =IF(OR(H12="",H13=""),"",H13/H12) -> 1.0214352 | I14: =IF(OR(I12="",I13=""),"",I13/I12) -> 1.0216323 | J14: =IF(OR(J12="",J13=""),"",J13/J12) -> 1.0215827
A15: 120 | B15: Center | C15: 14.89 | D15: 13.36 | E15: 18.44 | F15: 19.21 | G15: 13.36 | H15: 18.08 | I15: 17.14 | J15: 16.4
B16: CTDIw | C16: 15.07 | D16: 13.52 | E16: 18.66 | F16: 19.43 | G16: 13.52 | H16: 18.3 | I16: 17.34 | J16: 16.59
B17: k | C17: =IF(OR(C15="",C16=""),"",C16/C15) -> 1.0120887 | D17: =IF(OR(D15="",D16=""),"",D16/D15) -> 1.011976 | E17: =IF(OR(E15="",E16=""),"",E16/E15) -> 1.0119306 | F17: =IF(OR(F15="",F16=""),"",F16/F15) -> 1.0114524 | G17: =IF(OR(G15="",G16=""),"",G16/G15) -> 1.011976 | H17: =IF(OR(H15="",H16=""),"",H16/H15) -> 1.0121681 | I17: =IF(OR(I15="",I16=""),"",I16/I15) -> 1.0116686 | J17: =IF(OR(J15="",J16=""),"",J16/J15) -> 1.0115854
A18: 140 | B18: Center | C18: 21.22 | D18: 19.04 | E18: 26.27 | F18: 27.37 | G18: 19.04 | H18: 25.77 | I18: 24.42 | J18: 23.37
B19: CTDIw | C19: 21.38 | D19: 19.18 | E19: 26.47 | F19: 27.57 | G19: 19.18 | H19: 15.96 | I19: 24.6 | J19: 23.54
B20: k | C20: =IF(OR(C18="",C19=""),"",C19/C18) -> 1.0075401 | D20: =IF(OR(D18="",D19=""),"",D19/D18) -> 1.0073529 | E20: =IF(OR(E18="",E19=""),"",E19/E18) -> 1.0076132 | F20: =IF(OR(F18="",F19=""),"",F19/F18) -> 1.0073073 | G20: =IF(OR(G18="",G19=""),"",G19/G18) -> 1.0073529 | H20: =IF(OR(H18="",H19=""),"",H19/H18) -> 0.6193248 | I20: =IF(OR(I18="",I19=""),"",I19/I18) -> 1.007371 | J20: =IF(OR(J18="",J19=""),"",J19/J18) -> 1.0072743
A22: 16 cm phantom, Narrow shaped filter (Pediatric body)
B23: Collimation | C23: 2x1 | D23: 1x5 | E23: 10x0.6 | F23: 6x1.2 | G23: 1x10 | H23: 20x0.6 | I23: 12x1.2 | J23: 16x1.2
B24: Total | C24: 2 | D24: 5 | E24: 6 | F24: 7.2 | G24: 10 | H24: 12 | I24: 14.4 | J24: 19.2
B25: Acquisition | C25: 2x1 | D25: 1x5 | E25: 10x0.6 | F25: 6x1.2 | G25: 1x10 | H25: 20x0.6 | I25: 12x1.2 | J25: 16x1.2
A26: kV
A27: 70 | B27: Center | C27: 2.54 | D27: 2.28 | E27: 3.15 | F27: 3.28 | G27: 2.28 | H27: 3.09 | I27: 2.93 | J27: 2.8
B28: CTDIw | C28: 2.55 | D28: 2.28 | E28: 3.15 | F28: 3.28 | G28: 2.28 | H28: 3.09 | I28: 2.93 | J28: 2.8
B29: k | C29: =IF(OR(C27="",C28=""),"",C28/C27) -> 1.003937 | D29: =IF(OR(D27="",D28=""),"",D28/D27) -> 1 | E29: =IF(OR(E27="",E28=""),"",E28/E27) -> 1 | F29: =IF(OR(F27="",F28=""),"",F28/F27) -> 1 | G29: =IF(OR(G27="",G28=""),"",G28/G27) -> 1 | H29: =IF(OR(H27="",H28=""),"",H28/H27) -> 1 | I29: =IF(OR(I27="",I28=""),"",I28/I27) -> 1 | J29: =IF(OR(J27="",J28=""),"",J28/J27) -> 1
A30: 80 | B30: Center | C30: 4.11 | D30: 3.69 | E30: 5.09 | F30: 5.3 | G30: 3.69 | H30: 4.99 | I30: 4.73 | J30: 4.53
B31: CTDIw | C31: 4.05 | D31: 3.64 | E31: 5.02 | F31: 5.23 | G31: 3.64 | H31: 4.92 | I31: 4.66 | J31: 5.26
B32: k | C32: =IF(OR(C30="",C31=""),"",C31/C30) -> 0.98540146 | D32: =IF(OR(D30="",D31=""),"",D31/D30) -> 0.98644986 | E32: =IF(OR(E30="",E31=""),"",E31/E30) -> 0.98624754 | F32: =IF(OR(F30="",F31=""),"",F31/F30) -> 0.98679245 | G32: =IF(OR(G30="",G31=""),"",G31/G30) -> 0.98644986 | H32: =IF(OR(H30="",H31=""),"",H31/H30) -> 0.98597194 | I32: =IF(OR(I30="",I31=""),"",I31/I30) -> 0.98520085 | J32: =IF(OR(J30="",J31=""),"",J31/J30) -> 1.1611479
A33: 100 | B33: Center | C33: 8.04 | D33: 7.21 | E33: 9.95 | F33: 10.37 | G33: 7.21 | H33: 9.76 | I33: 9.25 | J33: 8.85
B34: CTDIw | C34: 7.82 | D34: 7.02 | E34: 9.68 | F34: 10.09 | G34: 7.02 | H34: 9.5 | I34: 9 | J34: 8.61
B35: k | C35: =IF(OR(C33="",C34=""),"",C34/C33) -> 0.97263682 | D35: =IF(OR(D33="",D34=""),"",D34/D33) -> 0.97364771 | E35: =IF(OR(E33="",E34=""),"",E34/E33) -> 0.97286432 | F35: =IF(OR(F33="",F34=""),"",F34/F33) -> 0.97299904 | G35: =IF(OR(G33="",G34=""),"",G34/G33) -> 0.97364771 | H35: =IF(OR(H33="",H34=""),"",H34/H33) -> 0.97336066 | I35: =IF(OR(I33="",I34=""),"",I34/I33) -> 0.97297297 | J35: =IF(OR(J33="",J34=""),"",J34/J33) -> 0.97288136
A36: 120 | B36: Center | C36: 11.68 | D36: 12.28 | E36: 16.94 | F36: 17.65 | G36: 12.28 | H36: 16.62 | I36: 15.75 | J36: 15.07
B37: CTDIw | C37: 13.28 | D37: 11.92 | E37: 16.44 | F37: 17.13 | G37: 11.92 | H37: 16.13 | I37: 15.28 | J37: 14.63
B38: k | C38: =IF(OR(C36="",C37=""),"",C37/C36) -> 1.1369863 | D38: =IF(OR(D36="",D37=""),"",D37/D36) -> 0.97068404 | E38: =IF(OR(E36="",E37=""),"",E37/E36) -> 0.97048406 | F38: =IF(OR(F36="",F37=""),"",F37/F36) -> 0.97053824 | G38: =IF(OR(G36="",G37=""),"",G37/G36) -> 0.97068404 | H38: =IF(OR(H36="",H37=""),"",H37/H36) -> 0.97051745 | I38: =IF(OR(I36="",I37=""),"",I37/I36) -> 0.97015873 | J38: =IF(OR(J36="",J37=""),"",J37/J36) -> 0.97080292
A39: 140 | B39: Center | C39: 19.6 | D39: 17.58 | E39: 24.27 | F39: 25.28 | G39: 17.58 | H39: 23.8 | I39: 22.56 | J39: 21.58
B40: CTDIw | C40: 19.01 | D40: 17.05 | E40: 23.53 | F40: 24.51 | G40: 17.05 | H40: 23.08 | I40: 21.87 | J40: 20.93
B41: k | C41: =IF(OR(C39="",C40=""),"",C40/C39) -> 0.96989796 | D41: =IF(OR(D39="",D40=""),"",D40/D39) -> 0.9698521 | E41: =IF(OR(E39="",E40=""),"",E40/E39) -> 0.96950968 | F41: =IF(OR(F39="",F40=""),"",F40/F39) -> 0.96954114 | G41: =IF(OR(G39="",G40=""),"",G40/G39) -> 0.9698521 | H41: =IF(OR(H39="",H40=""),"",H40/H39) -> 0.9697479 | I41: =IF(OR(I39="",I40=""),"",I40/I39) -> 0.96941489 | J41: =IF(OR(J39="",J40=""),"",J40/J39) -> 0.96987952
A43: 32 cm phantom, Standard shaped filter (Adult body)
B44: Collimation | C44: 2x1 | D44: 1x5 | E44: 10x0.6 | F44: 6x1.2 | G44: 1x10 | H44: 20x0.6 | I44: 12x1.2 | J44: 16x1.2
B45: Total | C45: 2 | D45: 5 | E45: 6 | F45: 7.2 | G45: 10 | H45: 12 | I45: 14.4 | J45: 19.2
B46: Acquisition | C46: 2x1 | D46: 1x5 | E46: 10x0.6 | F46: 6x1.2 | G46: 1x10 | H46: 20x0.6 | I46: 12x1.2 | J46: 16x1.2
A47: kV
A48: 70 | B48: Center | C48: 0.68 | D48: 0.61 | E48: 0.84 | F48: 0.88 | G48: 0.61 | H48: 0.83 | I48: 0.79 | J48: 0.75
B49: CTDIw | C49: 1.37 | D49: 1.22 | E49: 1.69 | F49: 1.76 | G49: 1.22 | H49: 1.66 | I49: 1.57 | J49: 1.59
B50: k | C50: =IF(OR(C48="",C49=""),"",C49/C48) -> 2.0147059 | D50: =IF(OR(D48="",D49=""),"",D49/D48) -> 2 | E50: =IF(OR(E48="",E49=""),"",E49/E48) -> 2.0119048 | F50: =IF(OR(F48="",F49=""),"",F49/F48) -> 2 | G50: =IF(OR(G48="",G49=""),"",G49/G48) -> 2 | H50: =IF(OR(H48="",H49=""),"",H49/H48) -> 2 | I50: =IF(OR(I48="",I49=""),"",I49/I48) -> 1.9873418 | J50: =IF(OR(J48="",J49=""),"",J49/J48) -> 2.12
A51: 80 | B51: Center | C51: 1.18 | D51: 1.06 | E51: 1.46 | F51: 1.52 | G51: 1.06 | H51: 1.43 | I51: 1.36 | J51: 1.3
B52: CTDIw | C52: 2.18 | D52: 1.96 | E52: 2.7 | F52: 2.81 | G52: 1.96 | H52: 2.65 | I52: 2.51 | J52: 2.4
B53: k | C53: =IF(OR(C51="",C52=""),"",C52/C51) -> 1.8474576 | D53: =IF(OR(D51="",D52=""),"",D52/D51) -> 1.8490566 | E53: =IF(OR(E51="",E52=""),"",E52/E51) -> 1.8493151 | F53: =IF(OR(F51="",F52=""),"",F52/F51) -> 1.8486842 | G53: =IF(OR(G51="",G52=""),"",G52/G51) -> 1.8490566 | H53: =IF(OR(H51="",H52=""),"",H52/H51) -> 1.8531469 | I53: =IF(OR(I51="",I52=""),"",I52/I51) -> 1.8455882 | J53: =IF(OR(J51="",J52=""),"",J52/J51) -> 1.8461538
A54: 100 | B54: Center | C54: 2.56 | D54: 2.29 | E54: 3.17 | F54: 3.3 | G54: 2.29 | H54: 3.1 | I54: 2.94 | J54: 2.82
B55: CTDIw | C55: 4.28 | D55: 3.84 | E55: 5.3 | F55: 5.52 | G55: 3.84 | H55: 5.19 | I55: 4.92 | J55: 4.71
B56: k | C56: =IF(OR(C54="",C55=""),"",C55/C54) -> 1.671875 | D56: =IF(OR(D54="",D55=""),"",D55/D54) -> 1.6768559 | E56: =IF(OR(E54="",E55=""),"",E55/E54) -> 1.6719243 | F56: =IF(OR(F54="",F55=""),"",F55/F54) -> 1.6727273 | G56: =IF(OR(G54="",G55=""),"",G55/G54) -> 1.6768559 | H56: =IF(OR(H54="",H55=""),"",H55/H54) -> 1.6741935 | I56: =IF(OR(I54="",I55=""),"",I55/I54) -> 1.6734694 | J56: =IF(OR(J54="",J55=""),"",J55/J54) -> 1.6702128
A57: 120 | B57: Center | C57: 4.61 | D57: 4.14 | E57: 5.71 | F57: 5.95 | G57: 4.14 | H57: 5.6 | I57: 5.31 | J57: 5.08
B58: CTDIw | C58: 7.33 | D58: 6.58 | E58: 9.08 | F58: 9.46 | G58: 6.58 | H58: 8.91 | I58: 8.44 | J58: 8.08
B59: k | C59: =IF(OR(C57="",C58=""),"",C58/C57) -> 1.5900217 | D59: =IF(OR(D57="",D58=""),"",D58/D57) -> 1.589372 | E59: =IF(OR(E57="",E58=""),"",E58/E57) -> 1.5901926 | F59: =IF(OR(F57="",F58=""),"",F58/F57) -> 1.589916 | G59: =IF(OR(G57="",G58=""),"",G58/G57) -> 1.589372 | H59: =IF(OR(H57="",H58=""),"",H58/H57) -> 1.5910714 | I59: =IF(OR(I57="",I58=""),"",I58/I57) -> 1.5894539 | J59: =IF(OR(J57="",J58=""),"",J58/J57) -> 1.5905512
A60: 140 | B60: Center | C60: 6.88 | D60: 6.17 | E60: 8.52 | F60: 8.87 | G60: 6.17 | H60: 8.36 | I60: 7.92 | J60: 7.58
B61: CTDIw | C61: 10.59 | D61: 9.5 | E61: 13.11 | F61: 13.66 | G61: 9.5 | H61: 12.86 | I61: 12.19 | J61: 11.66
B62: k | C62: =IF(OR(C60="",C61=""),"",C61/C60) -> 1.5392442 | D62: =IF(OR(D60="",D61=""),"",D61/D60) -> 1.5397083 | E62: =IF(OR(E60="",E61=""),"",E61/E60) -> 1.5387324 | F62: =IF(OR(F60="",F61=""),"",F61/F60) -> 1.5400225 | G62: =IF(OR(G60="",G61=""),"",G61/G60) -> 1.5397083 | H62: =IF(OR(H60="",H61=""),"",H61/H60) -> 1.5382775 | I62: =IF(OR(I60="",I61=""),"",I61/I60) -> 1.5391414 | J62: =IF(OR(J60="",J61=""),"",J61/J60) -> 1.5382586
A64: 32 cm phantom, Narrow shaped filter (Cardiac)
B65: Collimation | C65: 2x1 | D65: 1x5 | E65: 10x0.6 | F65: 6x1.2 | G65: 1x10 | H65: 20x0.6 | I65: 12x1.2 | J65: 16x1.2
B66: Total | C66: 2 | D66: 5 | E66: 6 | F66: 7.2 | G66: 10 | H66: 12 | I66: 14.4 | J66: 19.2
B67: Acquisition | C67: 2x1 | D67: 1x5 | E67: 10x0.6 | F67: 6x1.2 | G67: 1x10 | H67: 20x0.6 | I67: 12x1.2 | J67: 16x1.2
A68: kV
A69: 70 | B69: Center | C69: 0.58 | D69: 0.52 | E69: 0.72 | F69: 0.75 | G69: 0.52 | H69: 0.7 | I69: 0.67 | J69: 0.64
B70: CTDIw | C70: 1.01 | D70: 0.91 | E70: 1.25 | F70: 1.3 | G70: 0.91 | H70: 1.23 | I70: 1.16 | J70: 1.11
B71: k | C71: =IF(OR(C69="",C70=""),"",C70/C69) -> 1.7413793 | D71: =IF(OR(D69="",D70=""),"",D70/D69) -> 1.75 | E71: =IF(OR(E69="",E70=""),"",E70/E69) -> 1.7361111 | F71: =IF(OR(F69="",F70=""),"",F70/F69) -> 1.7333333 | G71: =IF(OR(G69="",G70=""),"",G70/G69) -> 1.75 | H71: =IF(OR(H69="",H70=""),"",H70/H69) -> 1.7571429 | I71: =IF(OR(I69="",I70=""),"",I70/I69) -> 1.7313433 | J71: =IF(OR(J69="",J70=""),"",J70/J69) -> 1.734375
A72: 80 | B72: Center | C72: 1.03 | D72: 0.92 | E72: 1.27 | F72: 1.33 | G72: 0.92 | H72: 1.25 | I72: 1.18 | J72: 1.13
B73: CTDIw | C73: 1.66 | D73: 1.49 | E73: 2.06 | F73: 2.14 | G73: 1.49 | H73: 2.02 | I73: 1.91 | J73: 1.83
B74: k | C74: =IF(OR(C72="",C73=""),"",C73/C72) -> 1.6116505 | D74: =IF(OR(D72="",D73=""),"",D73/D72) -> 1.6195652 | E74: =IF(OR(E72="",E73=""),"",E73/E72) -> 1.6220472 | F74: =IF(OR(F72="",F73=""),"",F73/F72) -> 1.6090226 | G74: =IF(OR(G72="",G73=""),"",G73/G72) -> 1.6195652 | H74: =IF(OR(H72="",H73=""),"",H73/H72) -> 1.616 | I74: =IF(OR(I72="",I73=""),"",I73/I72) -> 1.6186441 | J74: =IF(OR(J72="",J73=""),"",J73/J72) -> 1.619469
A75: 100 | B75: Center | C75: 2.25 | D75: 2.02 | E75: 2.78 | F75: 2.9 | G75: 2.02 | H75: 2.73 | I75: 2.59 | J75: 2.47
B76: CTDIw | C76: 3.35 | D76: 3.01 | E76: 4.15 | F76: 4.32 | G76: 3.01 | H76: 4.07 | I76: 3.86 | J76: 3.69
B77: k | C77: =IF(OR(C75="",C76=""),"",C76/C75) -> 1.4888889 | D77: =IF(OR(D75="",D76=""),"",D76/D75) -> 1.490099 | E77: =IF(OR(E75="",E76=""),"",E76/E75) -> 1.4928058 | F77: =IF(OR(F75="",F76=""),"",F76/F75) -> 1.4896552 | G77: =IF(OR(G75="",G76=""),"",G76/G75) -> 1.490099 | H77: =IF(OR(H75="",H76=""),"",H76/H75) -> 1.4908425 | I77: =IF(OR(I75="",I76=""),"",I76/I75) -> 1.4903475 | J77: =IF(OR(J75="",J76=""),"",J76/J75) -> 1.4939271
A78: 120 | B78: Center | C78: 4.09 | D78: 3.67 | E78: 5.07 | F78: 5.28 | G78: 3.67 | H78: 4.97 | I78: 4.71 | J78: 4.51
B79: CTDIw | C79: 5.86 | D79: 5.26 | E79: 7.26 | F79: 7.56 | G79: 5.26 | H79: 7.12 | I79: 6.75 | J79: 6.46
B80: k | C80: =IF(OR(C78="",C79=""),"",C79/C78) -> 1.4327628 | D80: =IF(OR(D78="",D79=""),"",D79/D78) -> 1.4332425 | E80: =IF(OR(E78="",E79=""),"",E79/E78) -> 1.4319527 | F80: =IF(OR(F78="",F79=""),"",F79/F78) -> 1.4318182 | G80: =IF(OR(G78="",G79=""),"",G79/G78) -> 1.4332425 | H80: =IF(OR(H78="",H79=""),"",H79/H78) -> 1.4325956 | I80: =IF(OR(I78="",I79=""),"",I79/I78) -> 1.433121 | J80: =IF(OR(J78="",J79=""),"",J79/J78) -> 1.4323725
A81: 140 | B81: Center | C81: 6.16 | D81: 5.52 | E81: 7.62 | F81: 7.94 | G81: 5.52 | H81: 7.48 | I81: 7.09 | J81: 6.78
B82: CTDIw | C82: 8.6 | D82: 7.71 | E82: 10.64 | F82: 11.09 | G82: 7.71 | H82: 10.44 | I82: 9.89 | J82: 9.47
B83: k | C83: =IF(OR(C81="",C82=""),"",C82/C81) -> 1.3961039 | D83: =IF(OR(D81="",D82=""),"",D82/D81) -> 1.3967391 | E83: =IF(OR(E81="",E82=""),"",E82/E81) -> 1.3963255 | F83: =IF(OR(F81="",F82=""),"",F82/F81) -> 1.3967254 | G83: =IF(OR(G81="",G82=""),"",G82/G81) -> 1.3967391 | H83: =IF(OR(H81="",H82=""),"",H82/H81) -> 1.3957219 | I83: =IF(OR(I81="",I82=""),"",I82/I81) -> 1.3949224 | J83: =IF(OR(J81="",J82=""),"",J82/J81) -> 1.3967552

Sheet Confidence 64
A1: 16 cm phantom, Standard shaped filter (Routine head)
B2: Collimation | C2: 2x1 | D2: 1x5 | E2: 10x0.6 | F2: 6x1.2 | G2: 1x10 | H2: 20x0.6 | I2: 12x1.2 | J2: 32x0.6 | K2: 16x1.2
B3: Total | C3: 2 | D3: 5 | E3: 6 | F3: 7.2 | G3: 10 | H3: 12 | I3: 14.4 | J3: 19.2 | K3: 19.2
B4: Acquisition | C4: 2x1 | D4: 1x5 | E4: 20x0.6 | F4: 6x1.2 | G4: 1x10 | H4: 40x0.6 | I4: 12x1.2 | J4: 64x0.6 | K4: 16x1.2
A5: kV
A6: 70 | B6: Center | C6: 2.86 | D6: 2.57 | E6: 3.41 | F6: 3.69 | G6: 2.57 | H6: 3.48 | I6: 3.29 | J6: 3.24 | K6: 3.15
B7: CTDIw | C7: 3.06 | D7: 2.74 | E7: 3.63 | F7: 3.94 | G7: 2.74 | H7: 3.7 | I7: 3.52 | J7: 3.44 | K7: 3.37
B8: k | C8: =IF(OR(C6="",C7=""),"",C7/C6) -> 1.0699301 | D8: =IF(OR(D6="",D7=""),"",D7/D6) -> 1.0661479 | E8: =IF(OR(E6="",E7=""),"",E7/E6) -> 1.0645161 | F8: =IF(OR(F6="",F7=""),"",F7/F6) -> 1.0677507 | G8: =IF(OR(G6="",G7=""),"",G7/G6) -> 1.0661479 | H8: =IF(OR(H6="",H7=""),"",H7/H6) -> 1.0632184 | I8: =IF(OR(I6="",I7=""),"",I7/I6) -> 1.0699088 | J8: =IF(OR(J6="",J7=""),"",J7/J6) -> 1.0617284 | K8: =IF(OR(K6="",K7=""),"",K7/K6) -> 1.0698413
A9: 80 | B9: Center | C9: 4.57 | D9: 4.1 | E9: 5.44 | F9: 5.89 | G9: 4.1 | H9: 5.55 | I9: 5.25 | J9: 5.17 | K9: 5.03
B10: CTDIw | C10: 4.77 | D10: 4.28 | E10: 5.67 | F10: 6.16 | G10: 4.28 | H10: 5.78 | I10: 5.49 | J10: 5.38 | K10: 5.26
B11: k | C11: =IF(OR(C9="",C10=""),"",C10/C9) -> 1.0437637 | D11: =IF(OR(D9="",D10=""),"",D10/D9) -> 1.0439024 | E11: =IF(OR(E9="",E10=""),"",E10/E9) -> 1.0422794 | F11: =IF(OR(F9="",F10=""),"",F10/F9) -> 1.0458404 | G11: =IF(OR(G9="",G10=""),"",G10/G9) -> 1.0439024 | H11: =IF(OR(H9="",H10=""),"",H10/H9) -> 1.0414414 | I11: =IF(OR(I9="",I10=""),"",I10/I9) -> 1.0457143 | J11: =IF(OR(J9="",J10=""),"",J10/J9) -> 1.040619 | K11: =IF(OR(K9="",K10=""),"",K10/K9) -> 1.0457256
A12: 100 | B12: Center | C12: 8.84 | D12: 7.93 | E12: 10.53 | F12: 11.4 | G12: 7.93 | H12: 10.73 | I12: 10.17 | J12: 10 | K12: 9.73
B13: CTDIw | C13: 9.02 | D13: 8.1 | E13: 10.7 | F13: 11.64 | G13: 8.1 | H13: 10.91 | I13: 10.39 | J13: 10.16 | K13: 9.94
B14: k | C14: =IF(OR(C12="",C13=""),"",C13/C12) -> 1.020362 | D14: =IF(OR(D12="",D13=""),"",D13/D12) -> 1.0214376 | E14: =IF(OR(E12="",E13=""),"",E13/E12) -> 1.0161443 | F14: =IF(OR(F12="",F13=""),"",F13/F12) -> 1.0210526 | G14: =IF(OR(G12="",G13=""),"",G13/G12) -> 1.0214376 | H14: =IF(OR(H12="",H13=""),"",H13/H12) -> 1.0167754 | I14: =IF(OR(I12="",I13=""),"",I13/I12) -> 1.0216323 | J14: =IF(OR(J12="",J13=""),"",J13/J12) -> 1.016 | K14: =IF(OR(K12="",K13=""),"",K13/K12) -> 1.0215827
A15: 120 | B15: Center | C15: 14.89 | D15: 13.36 | E15: 17.69 | F15: 19.21 | G15: 13.36 | H15: 18.03 | I15: 17.14 | J15: 16.8 | K15: 16.4
B16: CTDIw | C16: 15.07 | D16: 13.52 | E16: 17.84 | F16: 19.43 | G16: 13.52 | H16: 18.18 | I16: 17.34 | J16: 16.94 | K16: 16.59
B17: k | C17: =IF(OR(C15="",C16=""),"",C16/C15) -> 1.0120887 | D17: =IF(OR(D15="",D16=""),"",D16/D15) -> 1.011976 | E17: =IF(OR(E15="",E16=""),"",E16/E15) -> 1.0084794 | F17: =IF(OR(F15="",F16=""),"",F16/F15) -> 1.0114524 | G17: =IF(OR(G15="",G16=""),"",G16/G15) -> 1.011976 | H17: =IF(OR(H15="",H16=""),"",H16/H15) -> 1.0083195 | I17: =IF(OR(I15="",I16=""),"",I16/I15) -> 1.0116686 | J17: =IF(OR(J15="",J16=""),"",J16/J15) -> 1.0083333 | K17: =IF(OR(K15="",K16=""),"",K16/K15) -> 1.0115854
A18: 140 | B18: Center | C18: 21.22 | D18: 19.04 | E18: 25.23 | F18: 27.37 | G18: 19.04 | H18: 25.72 | I18: 24.42 | J18: 23.96 | K18: 23.37
B19: CTDIw | C19: 21.38 | D19: 19.18 | E19: 25.35 | F19: 27.57 | G19: 19.18 | H19: 25.83 | I19: 24.6 | J19: 24.07 | K19: 23.54
B20: k | C20: =IF(OR(C18="",C19=""),"",C19/C18) -> 1.0075401 | D20: =IF(OR(D18="",D19=""),"",D19/D18) -> 1.0073529 | E20: =IF(OR(E18="",E19=""),"",E19/E18) -> 1.0047562 | F20: =IF(OR(F18="",F19=""),"",F19/F18) -> 1.0073073 | G20: =IF(OR(G18="",G19=""),"",G19/G18) -> 1.0073529 | H20: =IF(OR(H18="",H19=""),"",H19/H18) -> 1.0042768 | I20: =IF(OR(I18="",I19=""),"",I19/I18) -> 1.007371 | J20: =IF(OR(J18="",J19=""),"",J19/J18) -> 1.004591 | K20: =IF(OR(K18="",K19=""),"",K19/K18) -> 1.0072743
A22: 16 cm phantom, Narrow shaped filter (Pediatric body)
B23: Collimation | C23: 2x1 | D23: 1x5 | E23: 10x0.6 | F23: 6x1.2 | G23: 1x10 | H23: 20x0.6 | I23: 12x1.2 | J23: 32x0.6 | K23: 16x1.2
B24: Total | C24: 2 | D24: 5 | E24: 6 | F24: 7.2 | G24: 10 | H24: 12 | I24: 14.4 | J24: 19.2 | K24: 19.2
B25: Acquisition | C25: 2x1 | D25: 1x5 | E25: 20x0.6 | F25: 6x1.2 | G25: 1x10 | H25: 40x0.6 | I25: 12x1.2 | J25: 64x0.6 | K25: 16x1.2
A26: kV
A27: 70 | B27: Center | C27: 2.54 | D27: 2.28 | E27: 3.02 | F27: 3.28 | G27: 2.28 | H27: 3.08 | I27: 2.93 | J27: 2.87 | K27: 2.8
B28: CTDIw | C28: 2.55 | D28: 2.28 | E28: 3.01 | F28: 3.28 | G28: 2.28 | H28: 3.07 | I28: 2.93 | J28: 2.86 | K28: 2.8
B29: k | C29: =IF(OR(C27="",C28=""),"",C28/C27) -> 1.003937 | D29: =IF(OR(D27="",D28=""),"",D28/D27) -> 1 | E29: =IF(OR(E27="",E28=""),"",E28/E27) -> 0.99668874 | F29: =IF(OR(F27="",F28=""),"",F28/F27) -> 1 | G29: =IF(OR(G27="",G28=""),"",G28/G27) -> 1 | H29: =IF(OR(H27="",H28=""),"",H28/H27) -> 0.99675325 | I29: =IF(OR(I27="",I28=""),"",I28/I27) -> 1 | J29: =IF(OR(J27="",J28=""),"",J28/J27) -> 0.99651568 | K29: =IF(OR(K27="",K28=""),"",K28/K27) -> 1
A30: 80 | B30: Center | C30: 4.11 | D30: 3.69 | E30: 4.91 | F30: 5.3 | G30: 3.69 | H30: 5 | I30: 4.73 | J30: 4.66 | K30: 4.53
B31: CTDIw | C31: 4.05 | D31: 3.64 | E31: 4.8 | F31: 5.23 | G31: 3.64 | H31: 4.89 | I31: 4.66 | J31: 4.56 | K31: 5.26
B32: k | C32: =IF(OR(C30="",C31=""),"",C31/C30) -> 0.98540146 | D32: =IF(OR(D30="",D31=""),"",D31/D30) -> 0.98644986 | E32: =IF(OR(E30="",E31=""),"",E31/E30) -> 0.97759674 | F32: =IF(OR(F30="",F31=""),"",F31/F30) -> 0.98679245 | G32: =IF(OR(G30="",G31=""),"",G31/G30) -> 0.98644986 | H32: =IF(OR(H30="",H31=""),"",H31/H30) -> 0.978 | I32: =IF(OR(I30="",I31=""),"",I31/I30) -> 0.98520085 | J32: =IF(OR(J30="",J31=""),"",J31/J30) -> 0.97854077 | K32: =IF(OR(K30="",K31=""),"",K31/K30) -> 1.1611479
A33: 100 | B33: Center | C33: 8.04 | D33: 7.21 | E33: 9.58 | F33: 10.37 | G33: 7.21 | H33: 9.76 | I33: 9.25 | J33: 9.09 | K33: 8.85
B34: CTDIw | C34: 7.82 | D34: 7.02 | E34: 9.26 | F34: 10.09 | G34: 7.02 | H34: 9.43 | I34: 9 | J34: 8.79 | K34: 8.61
B35: k | C35: =IF(OR(C33="",C34=""),"",C34/C33) -> 0.97263682 | D35: =IF(OR(D33="",D34=""),"",D34/D33) -> 0.97364771 | E35: =IF(OR(E33="",E34=""),"",E34/E33) -> 0.96659708 | F35: =IF(OR(F33="",F34=""),"",F34/F33) -> 0.97299904 | G35: =IF(OR(G33="",G34=""),"",G34/G33) -> 0.97364771 | H35: =IF(OR(H33="",H34=""),"",H34/H33) -> 0.96618852 | I35: =IF(OR(I33="",I34=""),"",I34/I33) -> 0.97297297 | J35: =IF(OR(J33="",J34=""),"",J34/J33) -> 0.9669967 | K35: =IF(OR(K33="",K34=""),"",K34/K33) -> 0.97288136
A36: 120 | B36: Center | C36: 11.68 | D36: 12.28 | E36: 16.3 | F36: 17.65 | G36: 12.28 | H36: 16.61 | I36: 15.75 | J36: 15.48 | K36: 15.07
B37: CTDIw | C37: 13.28 | D37: 11.92 | E37: 15.71 | F37: 17.13 | G37: 11.92 | H37: 16.01 | I37: 15.28 | J37: 14.92 | K37: 14.63
B38: k | C38: =IF(OR(C36="",C37=""),"",C37/C36) -> 1.1369863 | D38: =IF(OR(D36="",D37=""),"",D37/D36) -> 0.97068404 | E38: =IF(OR(E36="",E37=""),"",E37/E36) -> 0.96380368 | F38: =IF(OR(F36="",F37=""),"",F37/F36) -> 0.97053824 | G38: =IF(OR(G36="",G37=""),"",G37/G36) -> 0.97068404 | H38: =IF(OR(H36="",H37=""),"",H37/H36) -> 0.96387718 | I38: =IF(OR(I36="",I37=""),"",I37/I36) -> 0.97015873 | J38: =IF(OR(J36="",J37=""),"",J37/J36) -> 0.96382429 | K38: =IF(OR(K36="",K37=""),"",K37/K36) -> 0.97080292
A39: 140 | B39: Center | C39: 19.6 | D39: 17.58 | E39: 23.34 | F39: 25.28 | G39: 17.58 | H39: 23.79 | I39: 22.56 | J39: 22.16 | K39: 21.58
B40: CTDIw | C40: 19.01 | D40: 17.05 | E40: 22.49 | F40: 24.51 | G40: 17.05 | H40: 22.92 | I40: 21.87 | J40: 21.35 | K40: 20.93
B41: k | C41: =IF(OR(C39="",C40=""),"",C40/C39) -> 0.96989796 | D41: =IF(OR(D39="",D40=""),"",D40/D39) -> 0.9698521 | E41: =IF(OR(E39="",E40=""),"",E40/E39) -> 0.96358183 | F41: =IF(OR(F39="",F40=""),"",F40/F39) -> 0.96954114 | G41: =IF(OR(G39="",G40=""),"",G40/G39) -> 0.9698521 | H41: =IF(OR(H39="",H40=""),"",H40/H39) -> 0.96343001 | I41: =IF(OR(I39="",I40=""),"",I40/I39) -> 0.96941489 | J41: =IF(OR(J39="",J40=""),"",J40/J39) -> 0.96344765 | K41: =IF(OR(K39="",K40=""),"",K40/K39) -> 0.96987952
A43: 32 cm phantom, Standard shaped filter (Adult body)
B44: Collimation | C44: 2x1 | D44: 1x5 | E44: 10x0.6 | F44: 6x1.2 | G44: 1x10 | H44: 20x0.6 | I44: 12x1.2 | J44: 32x0.6 | K44: 16x1.2
B45: Total | C45: 2 | D45: 5 | E45: 6 | F45: 7.2 | G45: 10 | H45: 12 | I45: 14.4 | J45: 19.2 | K45: 19.2
B46: Acquisition | C46: 2x1 | D46: 1x5 | E46: 20x0.6 | F46: 6x1.2 | G46: 1x10 | H46: 40x0.6 | I46: 12x1.2 | J46: 64x0.6 | K46: 16x1.2
A47: kV
A48: 70 | B48: Center | C48: 0.68 | D48: 0.61 | E48: 0.82 | F48: 0.88 | G48: 0.61 | H48: 0.83 | I48: 0.79 | J48: 0.78 | K48: 0.75
B49: CTDIw | C49: 1.37 | D49: 1.22 | E49: 1.61 | F49: 1.76 | G49: 1.22 | H49: 1.64 | I49: 1.57 | J49: 1.52 | K49: 1.59
B50: k | C50: =IF(OR(C48="",C49=""),"",C49/C48) -> 2.0147059 | D50: =IF(OR(D48="",D49=""),"",D49/D48) -> 2 | E50: =IF(OR(E48="",E49=""),"",E49/E48) -> 1.9634146 | F50: =IF(OR(F48="",F49=""),"",F49/F48) -> 2 | G50: =IF(OR(G48="",G49=""),"",G49/G48) -> 2 | H50: =IF(OR(H48="",H49=""),"",H49/H48) -> 1.9759036 | I50: =IF(OR(I48="",I49=""),"",I49/I48) -> 1.9873418 | J50: =IF(OR(J48="",J49=""),"",J49/J48) -> 1.9487179 | K50: =IF(OR(K48="",K49=""),"",K49/K48) -> 2.12
A51: 80 | B51: Center | C51: 1.18 | D51: 1.06 | E51: 1.4 | F51: 1.52 | G51: 1.06 | H51: 1.43 | I51: 1.36 | J51: 1.33 | K51: 1.3
B52: CTDIw | C52: 2.18 | D52: 1.96 | E52: 2.58 | F52: 2.81 | G52: 1.96 | H52: 2.62 | I52: 2.51 | J52: 2.45 | K52: 2.4
B53: k | C53: =IF(OR(C51="",C52=""),"",C52/C51) -> 1.8474576 | D53: =IF(OR(D51="",D52=""),"",D52/D51) -> 1.8490566 | E53: =IF(OR(E51="",E52=""),"",E52/E51) -> 1.8428571 | F53: =IF(OR(F51="",F52=""),"",F52/F51) -> 1.8486842 | G53: =IF(OR(G51="",G52=""),"",G52/G51) -> 1.8490566 | H53: =IF(OR(H51="",H52=""),"",H52/H51) -> 1.8321678 | I53: =IF(OR(I51="",I52=""),"",I52/I51) -> 1.8455882 | J53: =IF(OR(J51="",J52=""),"",J52/J51) -> 1.8421053 | K53: =IF(OR(K51="",K52=""),"",K52/K51) -> 1.8461538
A54: 100 | B54: Center | C54: 2.56 | D54: 2.29 | E54: 3.04 | F54: 3.3 | G54: 2.29 | H54: 3.1 | I54: 2.94 | J54: 2.89 | K54: 2.82
B55: CTDIw | C55: 4.28 | D55: 3.84 | E55: 5.05 | F55: 5.52 | G55: 3.84 | H55: 5.15 | I55: 4.92 | J55: 4.8 | K55: 4.71
B56: k | C56: =IF(OR(C54="",C55=""),"",C55/C54) -> 1.671875 | D56: =IF(OR(D54="",D55=""),"",D55/D54) -> 1.6768559 | E56: =IF(OR(E54="",E55=""),"",E55/E54) -> 1.6611842 | F56: =IF(OR(F54="",F55=""),"",F55/F54) -> 1.6727273 | G56: =IF(OR(G54="",G55=""),"",G55/G54) -> 1.6768559 | H56: =IF(OR(H54="",H55=""),"",H55/H54) -> 1.6612903 | I56: =IF(OR(I54="",I55=""),"",I55/I54) -> 1.6734694 | J56: =IF(OR(J54="",J55=""),"",J55/J54) -> 1.6608997 | K56: =IF(OR(K54="",K55=""),"",K55/K54) -> 1.6702128
A57: 120 | B57: Center | C57: 4.61 | D57: 4.14 | E57: 5.48 | F57: 5.95 | G57: 4.14 | H57: 5.59 | I57: 5.31 | J57: 5.21 | K57: 5.08
B58: CTDIw | C58: 7.33 | D58: 6.58 | E58: 8.68 | F58: 9.46 | G58: 6.58 | H58: 8.85 | I58: 8.44 | J58: 8.25 | K58: 8.08
B59: k | C59: =IF(OR(C57="",C58=""),"",C58/C57) -> 1.5900217 | D59: =IF(OR(D57="",D58=""),"",D58/D57) -> 1.589372 | E59: =IF(OR(E57="",E58=""),"",E58/E57) -> 1.5839416 | F59: =IF(OR(F57="",F58=""),"",F58/F57) -> 1.589916 | G59: =IF(OR(G57="",G58=""),"",G58/G57) -> 1.589372 | H59: =IF(OR(H57="",H58=""),"",H58/H57) -> 1.5831843 | I59: =IF(OR(I57="",I58=""),"",I58/I57) -> 1.5894539 | J59: =IF(OR(J57="",J58=""),"",J58/J57) -> 1.5834933 | K59: =IF(OR(K57="",K58=""),"",K58/K57) -> 1.5905512
A60: 140 | B60: Center | C60: 6.88 | D60: 6.17 | E60: 8.2 | F60: 8.87 | G60: 6.17 | H60: 8.36 | I60: 7.92 | J60: 7.79 | K60: 7.58
B61: CTDIw | C61: 10.59 | D61: 9.5 | E61: 12.51 | F61: 13.66 | G61: 9.5 | H61: 12.75 | I61: 12.19 | J61: 11.88 | K61: 11.66
B62: k | C62: =IF(OR(C60="",C61=""),"",C61/C60) -> 1.5392442 | D62: =IF(OR(D60="",D61=""),"",D61/D60) -> 1.5397083 | E62: =IF(OR(E60="",E61=""),"",E61/E60) -> 1.5256098 | F62: =IF(OR(F60="",F61=""),"",F61/F60) -> 1.5400225 | G62: =IF(OR(G60="",G61=""),"",G61/G60) -> 1.5397083 | H62: =IF(OR(H60="",H61=""),"",H61/H60) -> 1.5251196 | I62: =IF(OR(I60="",I61=""),"",I61/I60) -> 1.5391414 | J62: =IF(OR(J60="",J61=""),"",J61/J60) -> 1.5250321 | K62: =IF(OR(K60="",K61=""),"",K61/K60) -> 1.5382586
A64: 32 cm phantom, Narrow shaped filter (Cardiac)
B65: Collimation | C65: 2x1 | D65: 1x5 | E65: 10x0.6 | F65: 6x1.2 | G65: 1x10 | H65: 20x0.6 | I65: 12x1.2 | J65: 32x0.6 | K65: 16x1.2
B66: Total | C66: 2 | D66: 5 | E66: 6 | F66: 7.2 | G66: 10 | H66: 12 | I66: 14.4 | J66: 19.2 | K66: 19.2
B67: Acquisition | C67: 2x1 | D67: 1x5 | E67: 20x0.6 | F67: 6x1.2 | G67: 1x10 | H67: 40x0.6 | I67: 12x1.2 | J67: 64x0.6 | K67: 16x1.2
A68: kV
A69: 70 | B69: Center | C69: 0.58 | D69: 0.52 | E69: 0.69 | F69: 0.75 | G69: 0.52 | H69: 0.7 | I69: 0.67 | J69: 0.66 | K69: 0.64
B70: CTDIw | C70: 1.01 | D70: 0.91 | E70: 1.19 | F70: 1.3 | G70: 0.91 | H70: 1.22 | I70: 1.16 | J70: 1.13 | K70: 1.11
B71: k | C71: =IF(OR(C69="",C70=""),"",C70/C69) -> 1.7413793 | D71: =IF(OR(D69="",D70=""),"",D70/D69) -> 1.75 | E71: =IF(OR(E69="",E70=""),"",E70/E69) -> 1.7246377 | F71: =IF(OR(F69="",F70=""),"",F70/F69) -> 1.7333333 | G71: =IF(OR(G69="",G70=""),"",G70/G69) -> 1.75 | H71: =IF(OR(H69="",H70=""),"",H70/H69) -> 1.7428571 | I71: =IF(OR(I69="",I70=""),"",I70/I69) -> 1.7313433 | J71: =IF(OR(J69="",J70=""),"",J70/J69) -> 1.7121212 | K71: =IF(OR(K69="",K70=""),"",K70/K69) -> 1.734375
A72: 80 | B72: Center | C72: 1.03 | D72: 0.92 | E72: 1.22 | F72: 1.33 | G72: 0.92 | H72: 1.24 | I72: 1.18 | J72: 1.16 | K72: 1.13
B73: CTDIw | C73: 1.66 | D73: 1.49 | E73: 1.96 | F73: 2.14 | G73: 1.49 | H73: 2 | I73: 1.91 | J73: 1.86 | K73: 1.83
B74: k | C74: =IF(OR(C72="",C73=""),"",C73/C72) -> 1.6116505 | D74: =IF(OR(D72="",D73=""),"",D73/D72) -> 1.6195652 | E74: =IF(OR(E72="",E73=""),"",E73/E72) -> 1.6065574 | F74: =IF(OR(F72="",F73=""),"",F73/F72) -> 1.6090226 | G74: =IF(OR(G72="",G73=""),"",G73/G72) -> 1.6195652 | H74: =IF(OR(H72="",H73=""),"",H73/H72) -> 1.6129032 | I74: =IF(OR(I72="",I73=""),"",I73/I72) -> 1.6186441 | J74: =IF(OR(J72="",J73=""),"",J73/J72) -> 1.6034483 | K74: =IF(OR(K72="",K73=""),"",K73/K72) -> 1.619469
A75: 100 | B75: Center | C75: 2.25 | D75: 2.02 | E75: 2.67 | F75: 2.9 | G75: 2.02 | H75: 2.72 | I75: 2.59 | J75: 2.54 | K75: 2.47
B76: CTDIw | C76: 3.35 | D76: 3.01 | E76: 3.95 | F76: 4.32 | G76: 3.01 | H76: 4.03 | I76: 3.86 | J76: 3.75 | K76: 3.69
B77: k | C77: =IF(OR(C75="",C76=""),"",C76/C75) -> 1.4888889 | D77: =IF(OR(D75="",D76=""),"",D76/D75) -> 1.490099 | E77: =IF(OR(E75="",E76=""),"",E76/E75) -> 1.4794007 | F77: =IF(OR(F75="",F76=""),"",F76/F75) -> 1.4896552 | G77: =IF(OR(G75="",G76=""),"",G76/G75) -> 1.490099 | H77: =IF(OR(H75="",H76=""),"",H76/H75) -> 1.4816176 | I77: =IF(OR(I75="",I76=""),"",I76/I75) -> 1.4903475 | J77: =IF(OR(J75="",J76=""),"",J76/J75) -> 1.476378 | K77: =IF(OR(K75="",K76=""),"",K76/K75) -> 1.4939271
A78: 120 | B78: Center | C78: 4.09 | D78: 3.67 | E78: 4.87 | F78: 5.28 | G78: 3.67 | H78: 4.96 | I78: 4.71 | J78: 4.62 | K78: 4.51
B79: CTDIw | C79: 5.86 | D79: 5.26 | E79: 6.89 | F79: 7.56 | G79: 5.26 | H79: 7.02 | I79: 6.75 | J79: 6.54 | K79: 6.46
B80: k | C80: =IF(OR(C78="",C79=""),"",C79/C78) -> 1.4327628 | D80: =IF(OR(D78="",D79=""),"",D79/D78) -> 1.4332425 | E80: =IF(OR(E78="",E79=""),"",E79/E78) -> 1.4147844 | F80: =IF(OR(F78="",F79=""),"",F79/F78) -> 1.4318182 | G80: =IF(OR(G78="",G79=""),"",G79/G78) -> 1.4332425 | H80: =IF(OR(H78="",H79=""),"",H79/H78) -> 1.4153226 | I80: =IF(OR(I78="",I79=""),"",I79/I78) -> 1.433121 | J80: =IF(OR(J78="",J79=""),"",J79/J78) -> 1.4155844 | K80: =IF(OR(K78="",K79=""),"",K79/K78) -> 1.4323725
A81: 140 | B81: Center | C81: 6.16 | D81: 5.52 | E81: 7.29 | F81: 7.94 | G81: 5.52 | H81: 7.43 | I81: 7.09 | J81: 6.92 | K81: 6.78
B82: CTDIw | C82: 8.6 | D82: 7.71 | E82: 10.12 | F82: 11.09 | G82: 7.71 | H82: 10.32 | I82: 9.89 | J82: 9.61 | K82: 9.47
B83: k | C83: =IF(OR(C81="",C82=""),"",C82/C81) -> 1.3961039 | D83: =IF(OR(D81="",D82=""),"",D82/D81) -> 1.3967391 | E83: =IF(OR(E81="",E82=""),"",E82/E81) -> 1.388203 | F83: =IF(OR(F81="",F82=""),"",F82/F81) -> 1.3967254 | G83: =IF(OR(G81="",G82=""),"",G82/G81) -> 1.3967391 | H83: =IF(OR(H81="",H82=""),"",H82/H81) -> 1.3889637 | I83: =IF(OR(I81="",I82=""),"",I82/I81) -> 1.3949224 | J83: =IF(OR(J81="",J82=""),"",J82/J81) -> 1.3887283 | K83: =IF(OR(K81="",K82=""),"",K82/K81) -> 1.3967552

Sheet go.Top
A1: 16 cm phantom (Routine head)
B2: Collimation | C2: 6x0.6 | E2: 1x5 | G2: 1X10 | I2: 3x5 | M2: 64x0.6
B3: Total | C3: 3.6 | E3: 5 | G3: 10 | I3: 15 | M3: =64*0.6 -> 38.4
B4: Acquisition | C4: 6x0.6 | E4: 1x5 | G4: 1X10 | I4: 3x5 | M4: 64x0.6
B5: Shaped filter | C5: Sn | D5: Narrow Sn | E5: Standard | F5: Narrow | G5: Standard | H5: Narrow | I5: Standard | J5: Sn | K5: Narrow | L5: Narrow Sn | M5: Standard | N5: Sn | O5: Narrow | P5: Narrow Sn | Q5: AuSn
A6: kV
A7: 70 | B7: Center | E7: 3.7 | F7: 3.3 | G7: 3.7 | H7: 3.3 | I7: 3.7 | K7: 3.3 | M7: 3.8 | O7: 3.4
B8: CTDIw | E8: 4 | F8: 3.3 | G8: 3.9 | H8: 3.3 | I8: 4 | K8: 3.3 | M8: 4.1 | O8: 3.4
B9: k | C9: =IF(OR(C7="",C8=""),"",C8/C7) | D9: =IF(OR(D7="",D8=""),"",D8/D7) | E9: =IF(OR(E7="",E8=""),"",E8/E7) -> 1.0810811 | F9: =IF(OR(F7="",F8=""),"",F8/F7) -> 1 | G9: =IF(OR(G7="",G8=""),"",G8/G7) -> 1.0540541 | H9: =IF(OR(H7="",H8=""),"",H8/H7) -> 1 | I9: =IF(OR(I7="",I8=""),"",I8/I7) -> 1.0810811 | J9: =IF(OR(J7="",J8=""),"",J8/J7) | ... Q9: =IF(OR(Q7="",Q8=""),"",Q8/Q7)
A10: 80 | B10: Center | E10: 5.7 | F10: 5.1 | G10: 5.7 | H10: 5.1 | I10: 5.7 | K10: 5.1 | M10: 5.9 | O10: 5.3
B11: CTDIw | E11: 6 | F11: 5.1 | G11: 6 | H11: 5.1 | I11: 6 | K11: 5.1 | M11: 6.2 | O11: 5.3
B12: k | C12: =IF(OR(C10="",C11=""),"",C11/C10) | D12: =IF(OR(D10="",D11=""),"",D11/D10) | E12: =IF(OR(E10="",E11=""),"",E11/E10) -> 1.0526316 | F12: =IF(OR(F10="",F11=""),"",F11/F10) -> 1 | G12: =IF(OR(G10="",G11=""),"",G11/G10) -> 1.0526316 | H12: =IF(OR(H10="",H11=""),"",H11/H10) -> 1 | I12: =IF(OR(I10="",I11=""),"",I11/I10) -> 1.0526316 | J12: =IF(OR(J10="",J11=""),"",J11/J10) | ... Q12: =IF(OR(Q10="",Q11=""),"",Q11/Q10)
A13: 90 | B13: Center | E13: 8.2 | F13: 7.4 | G13: 8.1 | H13: 7.4 | I13: 8.2 | K13: 7.4 | M13: 8.4 | O13: 7.7
B14: CTDIw | E14: 8.5 | F14: 7.3 | G14: 8.4 | H14: 7.2 | I14: 8.5 | K14: 7.3 | M14: 8.8 | O14: 7.6
B15: k | C15: =IF(OR(C13="",C14=""),"",C14/C13) | D15: =IF(OR(D13="",D14=""),"",D14/D13) | E15: =IF(OR(E13="",E14=""),"",E14/E13) -> 1.0365854 | F15: =IF(OR(F13="",F14=""),"",F14/F13) -> 0.98648649 | G15: =IF(OR(G13="",G14=""),"",G14/G13) -> 1.037037 | H15: =IF(OR(H13="",H14=""),"",H14/H13) -> 0.97297297 | I15: =IF(OR(I13="",I14=""),"",I14/I13) -> 1.0365854 | J15: =IF(OR(J13="",J14=""),"",J14/J13) | ... Q15: =IF(OR(Q13="",Q14=""),"",Q14/Q13)
A16: 100 | B16: Center | C16: 1.3 | D16: 1.2 | E16: 11.1 | F16: 10.1 | G16: 11 | H16: 10.1 | I16: 11 | J16: 0.9 | K16: 10.1 | L16: 0.9 | M16: 11.4 | N16: 0.9 | O16: 10.4 | P16: 0.9
B17: CTDIw | C17: 1.3 | D17: 1.2 | E17: 11.5 | F17: 9.9 | G17: 11.3 | H17: 9.8 | I17: 11.4 | J17: 0.9 | K17: 9.9 | L17: 0.8 | M17: 11.8 | N17: 0.9 | O17: 10.3 | P17: 0.9
B18: k | C18: =IF(OR(C16="",C17=""),"",C17/C16) -> 1 | D18: =IF(OR(D16="",D17=""),"",D17/D16) -> 1 | E18: =IF(OR(E16="",E17=""),"",E17/E16) -> 1.036036 | F18: =IF(OR(F16="",F17=""),"",F17/F16) -> 0.98019802 | G18: =IF(OR(G16="",G17=""),"",G17/G16) -> 1.0272727 | H18: =IF(OR(H16="",H17=""),"",H17/H16) -> 0.97029703 | I18: =IF(OR(I16="",I17=""),"",I17/I16) -> 1.0363636 | J18: =IF(OR(J16="",J17=""),"",J17/J16) -> 1 | ... Q18: =IF(OR(Q16="",Q17=""),"",Q17/Q16)
A19: 110 | B19: Center | E19: 14.2 | F19: 13.1 | G19: 14.1 | H19: 13 | I19: 14.2 | J19: 1.5 | K19: 13 | L19: 1.4 | M19: 14.6 | N19: 1.6 | O19: 13.5 | P19: 1.5
B20: CTDIw | E20: 14.7 | F20: 12.8 | G20: 14.5 | H20: 12.7 | I20: 14.6 | J20: 1.5 | K20: 12.8 | L20: 1.4 | M20: 15.1 | N20: 1.6 | O20: 13.2 | P20: 1.5
B21: k | C21: =IF(OR(C19="",C20=""),"",C20/C19) | D21: =IF(OR(D19="",D20=""),"",D20/D19) | E21: =IF(OR(E19="",E20=""),"",E20/E19) -> 1.0352113 | F21: =IF(OR(F19="",F20=""),"",F20/F19) -> 0.97709924 | G21: =IF(OR(G19="",G20=""),"",G20/G19) -> 1.0283688 | H21: =IF(OR(H19="",H20=""),"",H20/H19) -> 0.97692308 | I21: =IF(OR(I19="",I20=""),"",I20/I19) -> 1.028169 | J21: =IF(OR(J19="",J20=""),"",J20/J19) -> 1 | ... Q21: =IF(OR(Q19="",Q20=""),"",Q20/Q19)
A22: 120 | B22: Center | E22: 17.8 | F22: 16.3 | G22: 17.6 | H22: 16.2 | I22: 17.7 | J22: 2.3 | K22: 16.3 | L22: 2.2 | M22: 18.3 | N22: 2.4 | O22: 16.9 | P22: 2.3 | Q22: 5.4
B23: CTDIw | E23: 18.2 | F23: 16 | G23: 18 | H23: 15.6 | I23: 18.1 | J23: 2.3 | K23: 16 | L23: 2.2 | M23: 18.8 | N23: 2.4 | O23: 16.5 | P23: 2.2 | Q23: 5.5
B24: k | C24: =IF(OR(C22="",C23=""),"",C23/C22) | D24: =IF(OR(D22="",D23=""),"",D23/D22) | E24: =IF(OR(E22="",E23=""),"",E23/E22) -> 1.0224719 | F24: =IF(OR(F22="",F23=""),"",F23/F22) -> 0.98159509 | G24: =IF(OR(G22="",G23=""),"",G23/G22) -> 1.0227273 | H24: =IF(OR(H22="",H23=""),"",H23/H22) -> 0.96296296 | I24: =IF(OR(I22="",I23=""),"",I23/I22) -> 1.0225989 | J24: =IF(OR(J22="",J23=""),"",J23/J22) -> 1 | ... Q24: =IF(OR(Q22="",Q23=""),"",Q23/Q22) -> 1.0185185
A25: 130 | B25: Center | E25: 21.3 | F25: 19.6 | G25: 21 | H25: 19.5 | I25: 21.2 | J25: 3.3 | K25: 19.6 | L25: 3.2 | M25: 21.9 | N25: 3.5 | O25: 20.2 | P25: 3.3
B26: CTDIw | E26: 21.9 | F26: 19.3 | G26: 21.5 | H26: 19.1 | I26: 21.7 | J26: 3.4 | K26: 19.2 | L26: 3.1 | M26: 22.4 | N26: 3.5 | O26: 19.9 | P26: 3.2
B27: k | C27: =IF(OR(C25="",C26=""),"",C26/C25) | D27: =IF(OR(D25="",D26=""),"",D26/D25) | E27: =IF(OR(E25="",E26=""),"",E26/E25) -> 1.028169 | F27: =IF(OR(F25="",F26=""),"",F26/F25) -> 0.98469388 | G27: =IF(OR(G25="",G26=""),"",G26/G25) -> 1.0238095 | H27: =IF(OR(H25="",H26=""),"",H26/H25) -> 0.97948718 | I27: =IF(OR(I25="",I26=""),"",I26/I25) -> 1.0235849 | J27: =IF(OR(J25="",J26=""),"",J26/J25) -> 1.030303 | ... Q27: =IF(OR(Q25="",Q26=""),"",Q26/Q25)
A28: 140 | B28: Center | C28: 6.4 | D28: 6.1 | E28: 25 | F28: 23.2 | G28: 24.7 | H28: 23 | I28: 24.9 | J28: 4.6 | K28: 23.2 | L28: 4.4 | M28: 25.8 | N28: 4.7 | O28: 23.9 | P28: 4.5 | Q28: 8.7
B29: CTDIw | C29: 6.5 | D29: 6 | E29: 25.6 | F29: 22.8 | G29: 25.3 | H29: 22.5 | I29: 25.4 | J29: 4.6 | K29: 22.6 | L29: 4.3 | M29: 26.3 | N29: 4.8 | O29: 23.4 | P29: 4.4 | Q29: 8.7
B30: k | C30: =IF(OR(C28="",C29=""),"",C29/C28) -> 1.015625 | D30: =IF(OR(D28="",D29=""),"",D29/D28) -> 0.98360656 | E30: =IF(OR(E28="",E29=""),"",E29/E28) -> 1.024 | F30: =IF(OR(F28="",F29=""),"",F29/F28) -> 0.98275862 | G30: =IF(OR(G28="",G29=""),"",G29/G28) -> 1.0242915 | H30: =IF(OR(H28="",H29=""),"",H29/H28) -> 0.97826087 | I30: =IF(OR(I28="",I29=""),"",I29/I28) -> 1.0200803 | J30: =IF(OR(J28="",J29=""),"",J29/J28) -> 1 | ... Q30: =IF(OR(Q28="",Q29=""),"",Q29/Q28) -> 1
A32: 32 cm phantom (Adult body)
B33: Collimation | C33: 6x0.6 | E33: 1x5 | G33: 1X10 | I33: 3x5 | M33: 64x0.6
B34: Total | C34: 3.6 | E34: 5 | G34: 10 | I34: 15 | M34: =64*0.6 -> 38.4
B35: Acquisition | C35: 6x0.6 | E35: 1x5 | G35: 1X10 | I35: 3x5 | M35: 64x0.6
B36: Shaped filter | C36: Sn | D36: Narrow Sn | E36: Standard | F36: Narrow | G36: Standard | H36: Narrow | I36: Standard | J36: Sn | K36: Narrow | L36: Narrow Sn | M36: Standard | N36: Sn | O36: Narrow | P36: Narrow Sn | Q36: AuSn
A37: kV
A38: 70 | B38: Center | E38: 0.9 | F38: 0.7 | G38: 0.8 | H38: 3.3 | I38: 0.8 | K38: 0.7 | M38: 0.9 | O38: 0.8
B39: CTDIw | E39: 1.7 | F39: 1.3 | G39: 1.7 | H39: 3.3 | I39: 1.7 | K39: 1.3 | M39: 1.7 | O39: 1.3
B40: k | C40: =IF(OR(C38="",C39=""),"",C39/C38) | D40: =IF(OR(D38="",D39=""),"",D39/D38) | E40: =IF(OR(E38="",E39=""),"",E39/E38) -> 1.8888889 | F40: =IF(OR(F38="",F39=""),"",F39/F38) -> 1.8571429 | G40: =IF(OR(G38="",G39=""),"",G39/G38) -> 2.125 | H40: =IF(OR(H38="",H39=""),"",H39/H38) -> 1 | I40: =IF(OR(I38="",I39=""),"",I39/I38) -> 2.125 | J40: =IF(OR(J38="",J39=""),"",J39/J38) | ... Q40: =IF(OR(Q38="",Q39=""),"",Q39/Q38)
A41: 80 | B41: Center | E41: 1.4 | F41: 1.2 | G41: 1.4 | H41: 5.1 | I41: 1.4 | K41: 1.2 | M41: 1.5 | O41: 1.3
B42: CTDIw | E42: 2.7 | F42: 2 | G42: 2.6 | H42: 5.1 | I42: 2.6 | K42: 2 | M42: 2.7 | O42: 2.1
B43: k | C43: =IF(OR(C41="",C42=""),"",C42/C41) | D43: =IF(OR(D41="",D42=""),"",D42/D41) | E43: =IF(OR(E41="",E42=""),"",E42/E41) -> 1.9285714 | F43: =IF(OR(F41="",F42=""),"",F42/F41) -> 1.6666667 | G43: =IF(OR(G41="",G42=""),"",G42/G41) -> 1.8571429 | H43: =IF(OR(H41="",H42=""),"",H42/H41) -> 1 | I43: =IF(OR(I41="",I42=""),"",I42/I41) -> 1.8571429 | J43: =IF(OR(J41="",J42=""),"",J42/J41) | ... Q43: =IF(OR(Q41="",Q42=""),"",Q42/Q41)
A44: 90 | B44: Center | E44: 2.2 | F44: 1.9 | G44: 2.2 | H44: 7.4 | I44: 2.2 | K44: 1.9 | M44: 2.3 | O44: 2
B45: CTDIw | E45: 3.9 | F45: 3 | G45: 3.8 | H45: 7.2 | I45: 3.8 | K45: 3 | M45: 4 | O45: 3.1
B46: k | C46: =IF(OR(C44="",C45=""),"",C45/C44) | D46: =IF(OR(D44="",D45=""),"",D45/D44) | E46: =IF(OR(E44="",E45=""),"",E45/E44) -> 1.7727273 | F46: =IF(OR(F44="",F45=""),"",F45/F44) -> 1.5789474 | G46: =IF(OR(G44="",G45=""),"",G45/G44) -> 1.7272727 | H46: =IF(OR(H44="",H45=""),"",H45/H44) -> 0.97297297 | I46: =IF(OR(I44="",I45=""),"",I45/I44) -> 1.7272727 | J46: =IF(OR(J44="",J45=""),"",J45/J44) | ... Q46: =IF(OR(Q44="",Q45=""),"",Q45/Q44)
A47: 100 | B47: Center | C47: 0.5 | D47: 0.4 | E47: 3.2 | F47: 2.8 | G47: 3.1 | H47: 10.1 | I47: 3.1 | J47: 0.3 | K47: 2.8 | L47: 0.3 | M47: 3.2 | N47: 0.3 | O47: 2.9 | P47: 0.3
B48: CTDIw | C48: 0.7 | D48: 0.6 | E48: 5.4 | F48: 4.2 | G48: 5.2 | H48: 9.8 | I48: 5.3 | J48: 0.5 | K48: 4.1 | L48: 0.4 | M48: 5.4 | N48: 0.5 | O48: 4.3 | P48: 0.4
B49: k | C49: =IF(OR(C47="",C48=""),"",C48/C47) -> 1.4 | D49: =IF(OR(D47="",D48=""),"",D48/D47) -> 1.5 | E49: =IF(OR(E47="",E48=""),"",E48/E47) -> 1.6875 | F49: =IF(OR(F47="",F48=""),"",F48/F47) -> 1.5 | G49: =IF(OR(G47="",G48=""),"",G48/G47) -> 1.6774194 | H49: =IF(OR(H47="",H48=""),"",H48/H47) -> 0.97029703 | I49: =IF(OR(I47="",I48=""),"",I48/I47) -> 1.7096774 | J49: =IF(OR(J47="",J48=""),"",J48/J47) -> 1.6666667 | ... Q49: =IF(OR(Q47="",Q48=""),"",Q48/Q47)
A50: 110 | B50: Center | E50: 4.2 | F50: 3.7 | G50: 4.2 | H50: 13 | I50: 4.2 | J50: 0.6 | K50: 3.7 | L50: 0.5 | M50: 4.3 | N50: 0.6 | O50: 3.8 | P50: 0.5
B51: CTDIw | E51: 7 | F51: 5.5 | G51: 6.9 | H51: 12.7 | I51: 6.9 | J51: 0.8 | K51: 5.4 | L51: 0.7 | M51: 7.1 | N51: 0.9 | O51: 5.6 | P51: 0.7
B52: k | C52: =IF(OR(C50="",C51=""),"",C51/C50) | D52: =IF(OR(D50="",D51=""),"",D51/D50) | E52: =IF(OR(E50="",E51=""),"",E51/E50) -> 1.6666667 | F52: =IF(OR(F50="",F51=""),"",F51/F50) -> 1.4864865 | G52: =IF(OR(G50="",G51=""),"",G51/G50) -> 1.6428571 | H52: =IF(OR(H50="",H51=""),"",H51/H50) -> 0.97692308 | I52: =IF(OR(I50="",I51=""),"",I51/I50) -> 1.6428571 | J52: =IF(OR(J50="",J51=""),"",J51/J50) -> 1.3333333 | ... Q52: =IF(OR(Q50="",Q51=""),"",Q51/Q50)
A53: 120 | B53: Center | E53: 5.4 | F53: 4.8 | G53: 5.3 | H53: 16.2 | I53: 5.4 | J53: 0.9 | K53: 4.8 | L53: 0.8 | M53: 5.6 | N53: 0.9 | O53: 5 | P53: 0.8 | Q53: 1.8
B54: CTDIw | E54: 8.9 | F54: 7 | G54: 8.6 | H54: 15.6 | I54: 8.7 | J54: 1.3 | K54: 6.9 | L54: 1.1 | M54: 9 | N54: 1.3 | O54: 7.1 | P54: 1.1 | Q54: 2.8
B55: k | C55: =IF(OR(C53="",C54=""),"",C54/C53) | D55: =IF(OR(D53="",D54=""),"",D54/D53) | E55: =IF(OR(E53="",E54=""),"",E54/E53) -> 1.6481481 | F55: =IF(OR(F53="",F54=""),"",F54/F53) -> 1.4583333 | G55: =IF(OR(G53="",G54=""),"",G54/G53) -> 1.6226415 | H55: =IF(OR(H53="",H54=""),"",H54/H53) -> 0.96296296 | I55: =IF(OR(I53="",I54=""),"",I54/I53) -> 1.6111111 | J55: =IF(OR(J53="",J54=""),"",J54/J53) -> 1.4444444 | ... Q55: =IF(OR(Q53="",Q54=""),"",Q54/Q53) -> 1.5555556
A56: 130 | B56: Center | E56: 6.7 | F56: 5.9 | G56: 6.6 | H56: 19.5 | I56: 6.6 | J56: 1.3 | K56: 5.9 | L56: 1.2 | M56: 6.8 | N56: 1.3 | O56: 6.1 | P56: 1.2
B57: CTDIw | E57: 10.8 | F57: 8.5 | G57: 10.5 | H57: 19.1 | I57: 10.5 | J57: 1.9 | K57: 8.4 | L57: 1.5 | M57: 10.9 | N57: 1.9 | O57: 8.7 | P57: 1.6
B58: k | C58: =IF(OR(C56="",C57=""),"",C57/C56) | D58: =IF(OR(D56="",D57=""),"",D57/D56) | E58: =IF(OR(E56="",E57=""),"",E57/E56) -> 1.6119403 | F58: =IF(OR(F56="",F57=""),"",F57/F56) -> 1.440678 | G58: =IF(OR(G56="",G57=""),"",G57/G56) -> 1.5909091 | H58: =IF(OR(H56="",H57=""),"",H57/H56) -> 0.97948718 | I58: =IF(OR(I56="",I57=""),"",I57/I56) -> 1.5909091 | J58: =IF(OR(J56="",J57=""),"",J57/J56) -> 1.4615385 | ... Q58: =IF(OR(Q56="",Q57=""),"",Q57/Q56)
A59: 140 | B59: Center | C59: 2.5 | D59: 2.3 | E59: 8.1 | F59: 7.2 | G59: 7.9 | H59: 23 | I59: 8 | J59: 1.8 | K59: 7.1 | L59: 1.6 | M59: 8.3 | N59: 1.9 | O59: 7.4 | P59: 1.7 | Q59: 3.1
B60: CTDIw | C60: 3.7 | D60: 3 | E60: 12.9 | F60: 10.2 | G60: 12.5 | H60: 22.5 | I60: 12.5 | J60: 2.6 | K60: 10 | L60: 2.1 | M60: 13 | N60: 2.7 | O60: 10.4 | P60: 2.2 | Q60: 4.6
B61: k | C61: =IF(OR(C59="",C60=""),"",C60/C59) -> 1.48 | D61: =IF(OR(D59="",D60=""),"",D60/D59) -> 1.3043478 | E61: =IF(OR(E59="",E60=""),"",E60/E59) -> 1.5925926 | F61: =IF(OR(F59="",F60=""),"",F60/F59) -> 1.4166667 | G61: =IF(OR(G59="",G60=""),"",G60/G59) -> 1.5822785 | H61: =IF(OR(H59="",H60=""),"",H60/H59) -> 0.97826087 | I61: =IF(OR(I59="",I60=""),"",I60/I59) -> 1.5625 | J61: =IF(OR(J59="",J60=""),"",J60/J59) -> 1.4444444 | ... Q61: =IF(OR(Q59="",Q60=""),"",Q60/Q59) -> 1.483871

Sheet Definition Edge
A1: 16 cm phantom, Standard shaped filter (Routine head)
B2: Collimation | C2: 2x1 | D2: 6x0.6 | E2: 8x0.6 | F2: 8x0.6 | G2: 1x5 | H2: 10x0.6 | I2: 6x1.2 | J2: 1x10 | K2: 20x0.6 | L2: 12x1.2 | M2: 32x1.2 | N2: 64x0.6
B3: Total | C3: 2 | D3: 3.6 | E3: 4.8 | F3: 4.8 | G3: 5 | H3: 6 | I3: 7.2 | J3: 10 | K3: 12 | L3: 14.4 | M3: 38.4 | N3: 38.4
B4: Acquisition | C4: 2x1 | D4: 6x0.6 | E4: 8x0.6 | F4: 16x0.6 | G4: 1x5 | H4: 20x0.6 | I4: 6x1.2 | J4: 1x10 | K4: 40x0.6 | L4: 12x1.2 | M4: 32x1.2 | N4: 28x0.6
B5: Shaped filter | C5: Standard | D5: Standard | E5: Standard | F5: Standard | G5: Standard | H5: Standard | I5: Standard | J5: Standard | K5: Standard | L5: Standard | M5: Standard | N5: Standard
A6: kV
A7: 70 | B7: Center | C7: 2.6 | D7: 4.22 | E7: 3.88 | F7: 4.58 | G7: 2.34 | H7: 3.17 | I7: 3.36 | J7: 2.34 | K7: 3.23 | L7: 3 | M7: 2.62 | N7: 2.67
B8: CTDIw | C8: 2.74 | D8: 4.43 | E8: 4.07 | F8: 4.78 | G8: 2.46 | H8: 3.31 | I8: 3.53 | J8: 2.46 | K8: 3.38 | L8: 3.15 | M8: 2.75 | N8: 2.79
B9: k | C9: =IF(OR(C7="",C8=""),"",C8/C7) -> 1.0538462 | D9: =IF(OR(D7="",D8=""),"",D8/D7) -> 1.049763 | E9: =IF(OR(E7="",E8=""),"",E8/E7) -> 1.0489691 | F9: =IF(OR(F7="",F8=""),"",F8/F7) -> 1.0436681 | G9: =IF(OR(G7="",G8=""),"",G8/G7) -> 1.0512821 | H9: =IF(OR(H7="",H8=""),"",H8/H7) -> 1.044164 | I9: =IF(OR(I7="",I8=""),"",I8/I7) -> 1.0505952 | J9: =IF(OR(J7="",J8=""),"",J8/J7) -> 1.0512821 | ... N9: =IF(OR(N7="",N8=""),"",N8/N7) -> 1.0449438
A10: 80 | B10: Center | C10: 4.18 | D10: 6.76 | E10: 6.22 | F10: 7.24 | G10: 3.75 | H10: 5.02 | I10: 5.39 | J10: 3.75 | K10: 5.12 | L10: 4.81 | M10: 4.2 | N10: 4.23
B11: CTDIw | C11: 4.36 | D11: 7.06 | E11: 6.49 | F11: 7.46 | G11: 3.91 | H11: 5.17 | I11: 5.62 | J11: 3.91 | K11: 5.27 | L11: 5.02 | M11: 4.38 | N11: 4.35
B12: k | C12: =IF(OR(C10="",C11=""),"",C11/C10) -> 1.0430622 | D12: =IF(OR(D10="",D11=""),"",D11/D10) -> 1.0443787 | E12: =IF(OR(E10="",E11=""),"",E11/E10) -> 1.0434084 | F12: =IF(OR(F10="",F11=""),"",F11/F10) -> 1.0303867 | G12: =IF(OR(G10="",G11=""),"",G11/G10) -> 1.0426667 | H12: =IF(OR(H10="",H11=""),"",H11/H10) -> 1.0298805 | I12: =IF(OR(I10="",I11=""),"",I11/I10) -> 1.0426716 | J12: =IF(OR(J10="",J11=""),"",J11/J10) -> 1.0426667 | ... N12: =IF(OR(N10="",N11=""),"",N11/N10) -> 1.0283688
A13: 100 | B13: Center | C13: 8.44 | D13: 13.67 | E13: 12.56 | F13: 14.69 | G13: 7.57 | H13: 10.19 | I13: 10.89 | J13: 7.57 | K13: 10.38 | L13: 9.71 | M13: 8.48 | N13: 8.57
B14: CTDIw | C14: 8.65 | D14: 14.01 | E14: 12.88 | F14: 14.93 | G14: 7.76 | H14: 10.35 | I14: 11.16 | J14: 7.76 | K14: 10.55 | L14: 9.96 | M14: 8.69 | N14: 8.71
B15: k | C15: =IF(OR(C13="",C14=""),"",C14/C13) -> 1.0248815 | D15: =IF(OR(D13="",D14=""),"",D14/D13) -> 1.024872 | E15: =IF(OR(E13="",E14=""),"",E14/E13) -> 1.0254777 | F15: =IF(OR(F13="",F14=""),"",F14/F13) -> 1.0163376 | G15: =IF(OR(G13="",G14=""),"",G14/G13) -> 1.0250991 | H15: =IF(OR(H13="",H14=""),"",H14/H13) -> 1.0157017 | I15: =IF(OR(I13="",I14=""),"",I14/I13) -> 1.0247934 | J15: =IF(OR(J13="",J14=""),"",J14/J13) -> 1.0250991 | ... N15: =IF(OR(N13="",N14=""),"",N14/N13) -> 1.0163361
A16: 120 | B16: Center | C16: 13.85 | D16: 22.42 | E16: 20.6 | F16: 24.33 | G16: 12.42 | H16: 16.87 | I16: 17.86 | J16: 12.42 | K16: 17.19 | L16: 15.93 | M16: 13.91 | N16: 14.19
B17: CTDIw | C17: 14.11 | D17: 22.85 | E17: 21 | F17: 24.63 | G17: 12.66 | H17: 17.08 | I17: 18.2 | J17: 12.66 | K17: 17.41 | L17: 16.24 | M17: 14.17 | N17: 14.37
B18: k | C18: =IF(OR(C16="",C17=""),"",C17/C16) -> 1.0187726 | D18: =IF(OR(D16="",D17=""),"",D17/D16) -> 1.0191793 | E18: =IF(OR(E16="",E17=""),"",E17/E16) -> 1.0194175 | F18: =IF(OR(F16="",F17=""),"",F17/F16) -> 1.0123305 | G18: =IF(OR(G16="",G17=""),"",G17/G16) -> 1.0193237 | H18: =IF(OR(H16="",H17=""),"",H17/H16) -> 1.0124481 | I18: =IF(OR(I16="",I17=""),"",I17/I16) -> 1.019037 | J18: =IF(OR(J16="",J17=""),"",J17/J16) -> 1.0193237 | ... N18: =IF(OR(N16="",N17=""),"",N17/N16) -> 1.012685
A19: 140 | B19: Center | C19: 20.24 | D19: 32.77 | E19: 30.12 | F19: 36.16 | G19: 18.16 | H19: 25.07 | I19: 26.11 | J19: 18.16 | K19: 25.55 | L19: 23.3 | M19: 20.33 | N19: 21.09
B20: CTDIw | C20: 20.6 | D20: 33.35 | E20: 30.65 | F20: 36.64 | G20: 18.48 | H20: 25.4 | I20: 26.56 | J20: 18.48 | K20: 25.89 | L20: 23.7 | M20: 20.69 | N20: 21.37
B21: k | C21: =IF(OR(C19="",C20=""),"",C20/C19) -> 1.0177866 | D21: =IF(OR(D19="",D20=""),"",D20/D19) -> 1.0176991 | E21: =IF(OR(E19="",E20=""),"",E20/E19) -> 1.0175963 | F21: =IF(OR(F19="",F20=""),"",F20/F19) -> 1.0132743 | G21: =IF(OR(G19="",G20=""),"",G20/G19) -> 1.0176211 | H21: =IF(OR(H19="",H20=""),"",H20/H19) -> 1.0131631 | I21: =IF(OR(I19="",I20=""),"",I20/I19) -> 1.0172348 | J21: =IF(OR(J19="",J20=""),"",J20/J19) -> 1.0176211 | ... N21: =IF(OR(N19="",N20=""),"",N20/N19) -> 1.0132764
A23: 32cm phantom, Standard shaped filter (Adult Body)
B24: Collimation | C24: 2x1 | D24: 6x0.6 | E24: 8x0.6 | F24: 8x0.6 | G24: 1x5 | H24: 10x0.6 | I24: 6x1.2 | J24: 1x10 | K24: 20x0.6 | L24: 12x1.2 | M24: 32x1.2 | N24: 64x0.6
B25: Total | C25: 2 | D25: 3.6 | E25: 4.8 | F25: 4.8 | G25: 5 | H25: 6 | I25: 7.2 | J25: 10 | K25: 12 | L25: 14.4 | M25: 38.4 | N25: 38.4
B26: Acquisition | C26: 2x1 | D26: 6x0.6 | E26: 8x0.6 | F26: 16x0.6 | G26: 1x5 | H26: 20x0.6 | I26: 6x1.2 | J26: 1x10 | K26: 40x0.6 | L26: 12x1.2 | M26: 32x1.2 | N26: 28x0.6
B27: Shaped filter | C27: Standard | D27: Standard | E27: Standard | F27: Standard | G27: Standard | H27: Standard | I27: Standard | J27: Standard | K27: Standard | L27: Standard | M27: Standard | N27: Standard
A28: kV
A29: 70 | B29: Center | C29: 0.61 | D29: 0.99 | E29: 0.91 | F29: 1.07 | G29: 0.55 | H29: 0.74 | I29: 0.79 | J29: 0.55 | K29: 0.75 | L29: 0.7 | M29: 0.61 | N29: 0.67
B30: CTDIw | C30: 1.13 | D30: 1.83 | E30: 1.68 | F30: 1.97 | G30: 1.01 | H30: 1.37 | I30: 1.46 | J30: 1.01 | K30: 1.4 | L30: 1.3 | M30: 1.14 | N30: 1.15
B31: k | C31: =IF(OR(C29="",C30=""),"",C30/C29) -> 1.852459 | D31: =IF(OR(D29="",D30=""),"",D30/D29) -> 1.8484848 | E31: =IF(OR(E29="",E30=""),"",E30/E29) -> 1.8461538 | F31: =IF(OR(F29="",F30=""),"",F30/F29) -> 1.8411215 | G31: =IF(OR(G29="",G30=""),"",G30/G29) -> 1.8363636 | H31: =IF(OR(H29="",H30=""),"",H30/H29) -> 1.8513514 | I31: =IF(OR(I29="",I30=""),"",I30/I29) -> 1.8481013 | J31: =IF(OR(J29="",J30=""),"",J30/J29) -> 1.8363636 | ... N31: =IF(OR(N29="",N30=""),"",N30/N29) -> 1.7164179
A32: 80 | B32: Center | C32: 1.07 | D32: 1.73 | E32: 1.59 | F32: 1.83 | G32: 0.96 | H32: 1.27 | I32: 1.38 | J32: 0.96 | K32: 1.29 | L32: 1.23 | M32: 1.08 | N32: 1.07
B33: CTDIw | C33: 1.86 | D33: 3.01 | E33: 2.77 | F33: 3.18 | G33: 1.67 | H33: 2.21 | I33: 2.4 | J33: 1.67 | K33: 2.25 | L33: 2.14 | M33: 1.87 | N33: 1.86
B34: k | C34: =IF(OR(C32="",C33=""),"",C33/C32) -> 1.7383178 | D34: =IF(OR(D32="",D33=""),"",D33/D32) -> 1.7398844 | E34: =IF(OR(E32="",E33=""),"",E33/E32) -> 1.7421384 | F34: =IF(OR(F32="",F33=""),"",F33/F32) -> 1.7377049 | G34: =IF(OR(G32="",G33=""),"",G33/G32) -> 1.7395833 | H34: =IF(OR(H32="",H33=""),"",H33/H32) -> 1.7401575 | I34: =IF(OR(I32="",I33=""),"",I33/I32) -> 1.7391304 | J34: =IF(OR(J32="",J33=""),"",J33/J32) -> 1.7395833 | ... N34: =IF(OR(N32="",N33=""),"",N33/N32) -> 1.7383178
A35: 100 | B35: Center | C35: 2.43 | D35: 3.94 | E35: 3.62 | F35: 4.19 | G35: 2.18 | H35: 2.91 | I35: 3.14 | J35: 2.18 | K35: 2.96 | L35: 2.8 | M35: 2.44 | N35: 2.45
B36: CTDIw | C36: 3.9 | D36: 6.32 | E36: 5.81 | F36: 6.75 | G36: 3.5 | H36: 4.68 | I36: 5.03 | J36: 3.5 | K36: 4.77 | L36: 4.49 | M36: 3.92 | N36: 3.94
B37: k | C37: =IF(OR(C35="",C36=""),"",C36/C35) -> 1.6049383 | D37: =IF(OR(D35="",D36=""),"",D36/D35) -> 1.6040609 | E37: =IF(OR(E35="",E36=""),"",E36/E35) -> 1.6049724 | F37: =IF(OR(F35="",F36=""),"",F36/F35) -> 1.6109785 | G37: =IF(OR(G35="",G36=""),"",G36/G35) -> 1.6055046 | H37: =IF(OR(H35="",H36=""),"",H36/H35) -> 1.6082474 | I37: =IF(OR(I35="",I36=""),"",I36/I35) -> 1.6019108 | J37: =IF(OR(J35="",J36=""),"",J36/J35) -> 1.6055046 | ... N37: =IF(OR(N35="",N36=""),"",N36/N35) -> 1.6081633
A38: 120 | B38: Center | C38: 4.28 | D38: 6.93 | E38: 6.37 | F38: 7.5 | G38: 3.84 | H38: 5.2 | I38: 5.52 | J38: 3.84 | K38: 5.3 | L38: 4.93 | M38: 4.3 | N38: 4.37
B39: CTDIw | C39: 6.61 | D39: 10.7 | E39: 9.84 | F39: 11.55 | G39: 5.93 | H39: 8.01 | I39: 8.53 | J39: 5.93 | K39: 8.16 | L39: 7.61 | M39: 6.64 | N39: 6.74
B40: k | C40: =IF(OR(C38="",C39=""),"",C39/C38) -> 1.5443925 | D40: =IF(OR(D38="",D39=""),"",D39/D38) -> 1.5440115 | E40: =IF(OR(E38="",E39=""),"",E39/E38) -> 1.544741 | F40: =IF(OR(F38="",F39=""),"",F39/F38) -> 1.54 | G40: =IF(OR(G38="",G39=""),"",G39/G38) -> 1.5442708 | H40: =IF(OR(H38="",H39=""),"",H39/H38) -> 1.5403846 | I40: =IF(OR(I38="",I39=""),"",I39/I38) -> 1.5452899 | J40: =IF(OR(J38="",J39=""),"",J39/J38) -> 1.5442708 | ... N40: =IF(OR(N38="",N39=""),"",N39/N38) -> 1.5423341
A41: 140 | B41: Center | C41: 6.57 | D41: 10.64 | E41: 9.78 | F41: 11.59 | G41: 5.89 | H41: 8.03 | I41: 8.47 | J41: 5.89 | K41: 8.19 | L41: 7.56 | M41: 6.6 | N41: 6.76
B42: CTDIw | C42: 9.94 | D42: 16.09 | E42: 14.79 | F42: 17.62 | G42: 8.91 | H42: 12.22 | I42: 12.81 | J42: 8.91 | K42: 12.45 | L42: 11.43 | M42: 9.98 | N42: 10.28
B43: k | C43: =IF(OR(C41="",C42=""),"",C42/C41) -> 1.5129376 | D43: =IF(OR(D41="",D42=""),"",D42/D41) -> 1.512218 | E43: =IF(OR(E41="",E42=""),"",E42/E41) -> 1.5122699 | F43: =IF(OR(F41="",F42=""),"",F42/F41) -> 1.5202761 | G43: =IF(OR(G41="",G42=""),"",G42/G41) -> 1.5127334 | H43: =IF(OR(H41="",H42=""),"",H42/H41) -> 1.5217933 | I43: =IF(OR(I41="",I42=""),"",I42/I41) -> 1.5123967 | J43: =IF(OR(J41="",J42=""),"",J42/J41) -> 1.5127334 | ... N43: =IF(OR(N41="",N42=""),"",N42/N41) -> 1.5207101
A45: 16cm phantom, Narrow shaped filter (Pediatric Body)
B46: Collimation | C46: 2x1 | D46: 6x0.6 | E46: 8x0.6 | F46: 8x0.6 | G46: 1x5 | H46: 10x0.6 | I46: 6x1.2 | J46: 1x10 | K46: 20x0.6 | L46: 12x1.2 | M46: 32x1.2 | N46: 64x0.6
B47: Total | C47: 2 | D47: 3.6 | E47: 4.8 | F47: 4.8 | G47: 5 | H47: 6 | I47: 7.2 | J47: 10 | K47: 12 | L47: 14.4 | M47: 38.4 | N47: 38.4
B48: Acquisition | C48: 2x1 | D48: 6x0.6 | E48: 8x0.6 | F48: 16x0.6 | G48: 1x5 | H48: 20x0.6 | I48: 6x1.2 | J48: 1x10 | K48: 40x0.6 | L48: 12x1.2 | M48: 32x1.2 | N48: 28x0.6
B49: Shaped filter | C49: Narrow | D49: Narrow | E49: Narrow | F49: Narrow | G49: Narrow | H49: Narrow | I49: Narrow | J49: Narrow | K49: Narrow | L49: Narrow | M49: Narrow | N49: Narrow
A50: kV
A51: 70 | B51: Center | C51: 2.36 | D51: 3.83 | E51: 3.52 | F51: 4.12 | G51: 2.12 | H51: 2.86 | I51: 3.05 | J51: 2.12 | K51: 2.91 | L51: 2.72 | M51: 2.38 | N51: 2.4
B52: CTDIw | C52: 2.36 | D52: 3.81 | E52: 3.51 | F52: 4.07 | G52: 2.11 | H52: 2.82 | I52: 3.04 | J52: 2.11 | K52: 2.88 | L52: 2.71 | M52: 2.37 | N52: 2.37
B53: k | C53: =IF(OR(C51="",C52=""),"",C52/C51) -> 1 | D53: =IF(OR(D51="",D52=""),"",D52/D51) -> 0.99477807 | E53: =IF(OR(E51="",E52=""),"",E52/E51) -> 0.99715909 | F53: =IF(OR(F51="",F52=""),"",F52/F51) -> 0.98786408 | G53: =IF(OR(G51="",G52=""),"",G52/G51) -> 0.99528302 | H53: =IF(OR(H51="",H52=""),"",H52/H51) -> 0.98601399 | I53: =IF(OR(I51="",I52=""),"",I52/I51) -> 0.99672131 | J53: =IF(OR(J51="",J52=""),"",J52/J51) -> 0.99528302 | ... N53: =IF(OR(N51="",N52=""),"",N52/N51) -> 0.9875
A54: 80 | B54: Center | C54: 3.81 | D54: 6.17 | E54: 5.67 | F54: 6.58 | G54: 3.42 | H54: 4.56 | I54: 4.92 | J54: 3.42 | K54: 4.65 | L54: 4.39 | M54: 3.83 | N54: 3.84
B55: CTDIw | C55: 3.78 | D55: 6.12 | E55: 5.63 | F55: 6.44 | G55: 3.39 | H55: 4.47 | I55: 4.88 | J55: 3.39 | K55: 4.55 | L55: 4.39 | M55: 3.8 | N55: 3.76
B56: k | C56: =IF(OR(C54="",C55=""),"",C55/C54) -> 0.99212598 | D56: =IF(OR(D54="",D55=""),"",D55/D54) -> 0.99189627 | E56: =IF(OR(E54="",E55=""),"",E55/E54) -> 0.99294533 | F56: =IF(OR(F54="",F55=""),"",F55/F54) -> 0.9787234 | G56: =IF(OR(G54="",G55=""),"",G55/G54) -> 0.99122807 | H56: =IF(OR(H54="",H55=""),"",H55/H54) -> 0.98026316 | I56: =IF(OR(I54="",I55=""),"",I55/I54) -> 0.99186992 | J56: =IF(OR(J54="",J55=""),"",J55/J54) -> 0.99122807 | ... N56: =IF(OR(N54="",N55=""),"",N55/N54) -> 0.97916667
A57: 100 | B57: Center | C57: 7.81 | D57: 12.65 | E57: 11.63 | F57: 13.53 | G57: 7.01 | H57: 9.38 | I57: 10.08 | J57: 7.01 | K57: 9.56 | L57: 8.99 | M57: 7.85 | N57: 7.89
B58: CTDIw | C58: 7.69 | D58: 12.45 | E58: 11.44 | F58: 13.14 | G58: 6.9 | H58: 9.11 | I58: 9.92 | J58: 6.9 | K58: 9.29 | L58: 8.85 | M58: 7.72 | N58: 7.67
B59: k | C59: =IF(OR(C57="",C58=""),"",C58/C57) -> 0.98463508 | D59: =IF(OR(D57="",D58=""),"",D58/D57) -> 0.98418972 | E59: =IF(OR(E57="",E58=""),"",E58/E57) -> 0.98366294 | F59: =IF(OR(F57="",F58=""),"",F58/F57) -> 0.97117517 | G59: =IF(OR(G57="",G58=""),"",G58/G57) -> 0.98430813 | H59: =IF(OR(H57="",H58=""),"",H58/H57) -> 0.97121535 | I59: =IF(OR(I57="",I58=""),"",I58/I57) -> 0.98412698 | J59: =IF(OR(J57="",J58=""),"",J58/J57) -> 0.98430813 | ... N59: =IF(OR(N57="",N58=""),"",N58/N57) -> 0.9721166
A60: 120 | B60: Center | C60: 12.93 | D60: 20.93 | E60: 19.23 | F60: 22.53 | G60: 11.6 | H60: 15.62 | I60: 16.67 | J60: 11.6 | K60: 15.92 | L60: 14.87 | M60: 12.98 | N60: 13.14
B61: CTDIw | C61: 12.68 | D61: 20.52 | E61: 18.86 | F61: 21.91 | G61: 11.37 | H61: 16.19 | I61: 16.35 | J61: 11.37 | K61: 15.48 | L61: 14.59 | M61: 12.73 | N61: 12.78
B62: k | C62: =IF(OR(C60="",C61=""),"",C61/C60) -> 0.98066512 | D62: =IF(OR(D60="",D61=""),"",D61/D60) -> 0.98041089 | E62: =IF(OR(E60="",E61=""),"",E61/E60) -> 0.98075923 | F62: =IF(OR(F60="",F61=""),"",F61/F60) -> 0.97248114 | G62: =IF(OR(G60="",G61=""),"",G61/G60) -> 0.98017241 | H62: =IF(OR(H60="",H61=""),"",H61/H60) -> 1.0364917 | I62: =IF(OR(I60="",I61=""),"",I61/I60) -> 0.98080384 | J62: =IF(OR(J60="",J61=""),"",J61/J60) -> 0.98017241 | ... N62: =IF(OR(N60="",N61=""),"",N61/N60) -> 0.97260274
A63: 140 | B63: Center | C63: 18.83 | D63: 30.49 | E63: 28.02 | F63: 33.71 | G63: 16.89 | H63: 23.38 | I63: 24.29 | J63: 16.89 | K63: 23.82 | L63: 21.67 | M63: 18.91 | N63: 19.67
B64: CTDIw | C64: 18.5 | D64: 29.95 | E64: 27.53 | F64: 32.85 | G64: 16.6 | H64: 22.77 | I64: 23.86 | J64: 16.6 | K64: 23.21 | L64: 21.29 | M64: 18.58 | N64: 19.16
B65: k | C65: =IF(OR(C63="",C64=""),"",C64/C63) -> 0.98247477 | D65: =IF(OR(D63="",D64=""),"",D64/D63) -> 0.98228928 | E65: =IF(OR(E63="",E64=""),"",E64/E63) -> 0.98251249 | F65: =IF(OR(F63="",F64=""),"",F64/F63) -> 0.97448828 | G65: =IF(OR(G63="",G64=""),"",G64/G63) -> 0.98283008 | H65: =IF(OR(H63="",H64=""),"",H64/H63) -> 0.97390932 | I65: =IF(OR(I63="",I64=""),"",I64/I63) -> 0.98229724 | J65: =IF(OR(J63="",J64=""),"",J64/J63) -> 0.98283008 | ... N65: =IF(OR(N63="",N64=""),"",N64/N63) -> 0.97407219
A67: 32cm phantom, Narrow shaped filter (Cardiac)
B68: Collimation | C68: 2x1 | D68: 6x0.6 | E68: 8x0.6 | F68: 8x0.6 | G68: 1x5 | H68: 10x0.6 | I68: 6x1.2 | J68: 1x10 | K68: 20x0.6 | L68: 12x1.2 | M68: 32x1.2 | N68: 64x0.6
B69: Total | C69: 2 | D69: 3.6 | E69: 4.8 | F69: 4.8 | G69: 5 | H69: 6 | I69: 7.2 | J69: 10 | K69: 12 | L69: 14.4 | M69: 38.4 | N69: 38.4
B70: Acquisition | C70: 2x1 | D70: 6x0.6 | E70: 8x0.6 | F70: 16x0.6 | G70: 1x5 | H70: 20x0.6 | I70: 6x1.2 | J70: 1x10 | K70: 40x0.6 | L70: 12x1.2 | M70: 32x1.2 | N70: 28x0.6
B71: Shaped filter | C71: Narrow | D71: Narrow | E71: Narrow | F71: Narrow | G71: Narrow | H71: Narrow | I71: Narrow | J71: Narrow | K71: Narrow | L71: Narrow | M71: Narrow | N71: Narrow
A72: kV
A73: 70 | B73: Center | C73: 0.54 | D73: 0.87 | E73: 0.8 | F73: 0.93 | G73: 0.48 | H73: 0.65 | I73: 0.69 | J73: 0.48 | K73: 0.66 | L73: 0.62 | M73: 0.54 | N73: 0.55
B74: CTDIw | C74: 0.9 | D74: 1.45 | E74: 1.33 | F74: 1.54 | G74: 0.8 | H74: 1.07 | I74: 1.16 | J74: 0.8 | K74: 1.09 | L74: 1.03 | M74: 0.9 | N74: 0.9
B75: k | C75: =IF(OR(C73="",C74=""),"",C74/C73) -> 1.6666667 | D75: =IF(OR(D73="",D74=""),"",D74/D73) -> 1.6666667 | E75: =IF(OR(E73="",E74=""),"",E74/E73) -> 1.6625 | F75: =IF(OR(F73="",F74=""),"",F74/F73) -> 1.655914 | G75: =IF(OR(G73="",G74=""),"",G74/G73) -> 1.6666667 | H75: =IF(OR(H73="",H74=""),"",H74/H73) -> 1.6461538 | I75: =IF(OR(I73="",I74=""),"",I74/I73) -> 1.6811594 | J75: =IF(OR(J73="",J74=""),"",J74/J73) -> 1.6666667 | ... N75: =IF(OR(N73="",N74=""),"",N74/N73) -> 1.6363636
A76: 80 | B76: Center | C76: 0.94 | D76: 1.52 | E76: 1.39 | F76: 1.62 | G76: 0.84 | H76: 1.12 | I76: 1.21 | J76: 0.84 | K76: 1.15 | L76: 1.08 | M76: 0.94 | N76: 0.95
B77: CTDIw | C77: 1.46 | D77: 2.36 | E77: 2.17 | F77: 2.48 | G77: 1.31 | H77: 1.72 | I77: 1.88 | J77: 1.31 | K77: 1.76 | L77: 1.68 | M77: 1.47 | N77: 1.45
B78: k | C78: =IF(OR(C76="",C77=""),"",C77/C76) -> 1.5531915 | D78: =IF(OR(D76="",D77=""),"",D77/D76) -> 1.5526316 | E78: =IF(OR(E76="",E77=""),"",E77/E76) -> 1.5611511 | F78: =IF(OR(F76="",F77=""),"",F77/F76) -> 1.5308642 | G78: =IF(OR(G76="",G77=""),"",G77/G76) -> 1.5595238 | H78: =IF(OR(H76="",H77=""),"",H77/H76) -> 1.5357143 | I78: =IF(OR(I76="",I77=""),"",I77/I76) -> 1.553719 | J78: =IF(OR(J76="",J77=""),"",J77/J76) -> 1.5595238 | ... N78: =IF(OR(N76="",N77=""),"",N77/N76) -> 1.5263158
A79: 100 | B79: Center | C79: 2.17 | D79: 3.51 | E79: 3.22 | F79: 3.75 | G79: 1.94 | H79: 2.6 | I79: 2.79 | J79: 1.94 | K79: 2.65 | L79: 2.49 | M79: 2.17 | N79: 2.19
B80: CTDIw | C80: 3.12 | D80: 5.06 | E80: 4.65 | F80: 5.34 | G80: 2.8 | H80: 3.7 | I80: 4.03 | J80: 2.8 | K80: 3.78 | L80: 3.59 | M80: 3.14 | N80: 3.12
B81: k | C81: =IF(OR(C79="",C80=""),"",C80/C79) -> 1.437788 | D81: =IF(OR(D79="",D80=""),"",D80/D79) -> 1.4415954 | E81: =IF(OR(E79="",E80=""),"",E80/E79) -> 1.4440994 | F81: =IF(OR(F79="",F80=""),"",F80/F79) -> 1.424 | G81: =IF(OR(G79="",G80=""),"",G80/G79) -> 1.443299 | H81: =IF(OR(H79="",H80=""),"",H80/H79) -> 1.4230769 | I81: =IF(OR(I79="",I80=""),"",I80/I79) -> 1.4444444 | J81: =IF(OR(J79="",J80=""),"",J80/J79) -> 1.443299 | ... N81: =IF(OR(N79="",N80=""),"",N80/N79) -> 1.4246575
A82: 120 | B82: Center | C82: 3.84 | D82: 6.22 | E82: 5.72 | F82: 6.67 | G82: 3.45 | H82: 4.62 | I82: 4.95 | J82: 3.45 | K82: 4.71 | L82: 4.42 | M82: 3.86 | N82: 3.89
B83: CTDIw | C83: 5.36 | D83: 8.68 | E83: 7.98 | F83: 9.21 | G83: 4.81 | H83: 6.39 | I83: 6.91 | J83: 4.81 | K83: 6.51 | L83: 6.17 | M83: 5.39 | N83: 5.38
B84: k | C84: =IF(OR(C82="",C83=""),"",C83/C82) -> 1.3958333 | D84: =IF(OR(D82="",D83=""),"",D83/D82) -> 1.3954984 | E84: =IF(OR(E82="",E83=""),"",E83/E82) -> 1.3951049 | F84: =IF(OR(F82="",F83=""),"",F83/F82) -> 1.3808096 | G84: =IF(OR(G82="",G83=""),"",G83/G82) -> 1.3942029 | H84: =IF(OR(H82="",H83=""),"",H83/H82) -> 1.3831169 | I84: =IF(OR(I82="",I83=""),"",I83/I82) -> 1.3959596 | J84: =IF(OR(J82="",J83=""),"",J83/J82) -> 1.3942029 | ... N84: =IF(OR(N82="",N83=""),"",N83/N82) -> 1.3830334
A85: 140 | B85: Center | C85: 5.89 | D85: 9.53 | E85: 8.76 | F85: 10.45 | G85: 5.28 | H85: 7.25 | I85: 7.59 | J85: 5.28 | K85: 7.38 | L85: 6.77 | M85: 5.91 | N85: 6.1
B86: CTDIw | C86: 8.03 | D86: 13 | E86: 11.95 | F86: 14.2 | G86: 7.2 | H86: 9.84 | I86: 10.36 | J86: 7.2 | K86: 10.03 | L86: 9.24 | M86: 8.07 | N86: 8.28
B87: k | C87: =IF(OR(C85="",C86=""),"",C86/C85) -> 1.3633277 | D87: =IF(OR(D85="",D86=""),"",D86/D85) -> 1.3641133 | E87: =IF(OR(E85="",E86=""),"",E86/E85) -> 1.3641553 | F87: =IF(OR(F85="",F86=""),"",F86/F85) -> 1.3588517 | G87: =IF(OR(G85="",G86=""),"",G86/G85) -> 1.3636364 | H87: =IF(OR(H85="",H86=""),"",H86/H85) -> 1.3572414 | I87: =IF(OR(I85="",I86=""),"",I86/I85) -> 1.3649539 | J87: =IF(OR(J85="",J86=""),"",J86/J85) -> 1.3636364 | ... N87: =IF(OR(N85="",N86=""),"",N86/N85) -> 1.357377

Sheet Somatom Drive
A1: 16 cm phantom, Standard shaped filter (Routine head)
B2: Collimation | C2: 2x1 | D2: 6x0.6 | E2: 8x0.6 | F2: 1x5 | G2: 10x0.6 | H2: 1x10 | I2: 12x1.2 | J2: 20x0.6 | K2: 32x0.6 | L2: 12x1.2 | M2: 64x0.6
B3: Total | C3: 2 | D3: 3.6 | E3: 4.8 | F3: 5 | G3: 6 | H3: 10 | I3: 14.4 | J3: 12 | K3: 19.2 | L3: 14.4 | M3: 38.4
B4: Acquisition | C4: 2x1 | D4: 6x0.6 | E4: 16x0.6 | F4: 1x5 | G4: 20x0.6 | H4: 1x10 | I4: 12x1.2 | J4: 40x0.6 | K4: 64x0.6 | L4: 12x1.2 | M4: 128x0.6
B5: Shaped filter | E5: z-sharp | G5: z-sharp | J5: z-sharp | K5: z-sharp
A6: kV
A7: 70 | B7: Center | C7: 2.57 | D7: 4.17 | E7: 4.39 | F7: 2.31 | G7: 3.04 | H7: 2.31 | I7: 2.96 | J7: 3.1 | K7: 2.86 | L7: 2.59 | M7: 2.52
B8: CTDIw | C8: 2.69 | D8: 4.35 | E8: 4.56 | F8: 2.41 | G8: 3.16 | H8: 2.41 | I8: 3.09 | J8: 3.22 | K8: 2.98 | L8: 2.7 | M8: 2.62
B9: k | C9: =IF(OR(C7="",C8=""),"",C8/C7) -> 1.0466926 | D9: =IF(OR(D7="",D8=""),"",D8/D7) -> 1.0431655 | E9: =IF(OR(E7="",E8=""),"",E8/E7) -> 1.0387244 | F9: =IF(OR(F7="",F8=""),"",F8/F7) -> 1.04329 | G9: =IF(OR(G7="",G8=""),"",G8/G7) -> 1.0394737 | H9: =IF(OR(H7="",H8=""),"",H8/H7) -> 1.04329 | I9: =IF(OR(I7="",I8=""),"",I8/I7) -> 1.0439189 | J9: =IF(OR(J7="",J8=""),"",J8/J7) -> 1.0387097 | ... M9: =IF(OR(M7="",M8=""),"",M8/M7) -> 1.0396825
A10: 80 | B10: Center | C10: 4.12 | D10: 6.66 | E10: 7.03 | F10: 3.69 | G10: 4.87 | H10: 3.69 | I10: 4.74 | J10: 4.97 | K10: 4.58 | L10: 4.13 | M10: 4.04
B11: CTDIw | C11: 4.24 | D11: 6.87 | E11: 7.21 | F11: 3.8 | G11: 5 | H11: 3.8 | I11: 4.88 | J11: 5.1 | K11: 4.71 | L11: 4.26 | M11: 4.15
B12: k | C12: =IF(OR(C10="",C11=""),"",C11/C10) -> 1.0291262 | D12: =IF(OR(D10="",D11=""),"",D11/D10) -> 1.0315315 | E12: =IF(OR(E10="",E11=""),"",E11/E10) -> 1.0256046 | F12: =IF(OR(F10="",F11=""),"",F11/F10) -> 1.0298103 | G12: =IF(OR(G10="",G11=""),"",G11/G10) -> 1.026694 | H12: =IF(OR(H10="",H11=""),"",H11/H10) -> 1.0298103 | I12: =IF(OR(I10="",I11=""),"",I11/I10) -> 1.0295359 | J12: =IF(OR(J10="",J11=""),"",J11/J10) -> 1.0261569 | ... M12: =IF(OR(M10="",M11=""),"",M11/M10) -> 1.0272277
A13: 90 | B13: Center | C13: 6.06 | D13: 9.81 | E13: 10.4 | F13: 5.44 | G13: 7.19 | H13: 5.44 | I13: 6.97 | J13: 7.33 | K13: 6.75 | L13: 6.09 | M13: 5.97
B14: CTDIw | C14: 6.2 | D14: 10 | E14: 10.6 | F14: 5.56 | G14: 7.32 | H14: 5.56 | I14: 7.13 | J14: 7.46 | K14: 6.89 | L14: 6.22 | M14: 6.07
B15: k | C15: =IF(OR(C13="",C14=""),"",C14/C13) -> 1.0231023 | D15: =IF(OR(D13="",D14=""),"",D14/D13) -> 1.019368 | E15: =IF(OR(E13="",E14=""),"",E14/E13) -> 1.0192308 | F15: =IF(OR(F13="",F14=""),"",F14/F13) -> 1.0220588 | G15: =IF(OR(G13="",G14=""),"",G14/G13) -> 1.0180807 | H15: =IF(OR(H13="",H14=""),"",H14/H13) -> 1.0220588 | I15: =IF(OR(I13="",I14=""),"",I14/I13) -> 1.0229555 | J15: =IF(OR(J13="",J14=""),"",J14/J13) -> 1.0177353 | ... M15: =IF(OR(M13="",M14=""),"",M14/M13) -> 1.0167504
A16: 100 | B16: Center | C16: 8.35 | D16: 13.5 | E16: 14.3 | F16: 7.49 | G16: 9.91 | H16: 7.49 | I16: 9.6 | J16: 10.1 | K16: 9.3 | L16: 8.38 | M16: 8.22
B17: CTDIw | C17: 8.49 | D17: 13.8 | E17: 14.5 | F17: 7.62 | G17: 10 | H17: 7.62 | I17: 9.77 | J17: 10.2 | K17: 9.44 | L17: 8.53 | M17: 8.32
B18: k | C18: =IF(OR(C16="",C17=""),"",C17/C16) -> 1.0167665 | D18: =IF(OR(D16="",D17=""),"",D17/D16) -> 1.0222222 | E18: =IF(OR(E16="",E17=""),"",E17/E16) -> 1.013986 | F18: =IF(OR(F16="",F17=""),"",F17/F16) -> 1.0173565 | G18: =IF(OR(G16="",G17=""),"",G17/G16) -> 1.0090817 | H18: =IF(OR(H16="",H17=""),"",H17/H16) -> 1.0173565 | I18: =IF(OR(I16="",I17=""),"",I17/I16) -> 1.0177083 | J18: =IF(OR(J16="",J17=""),"",J17/J16) -> 1.009901 | ... M18: =IF(OR(M16="",M17=""),"",M17/M16) -> 1.0121655
A19: 110 | B19: Center | C19: 11.2 | D19: 18.1 | E19: 19.2 | F19: 10.1 | G19: 13.3 | H19: 10.1 | I19: 12.9 | J19: 13.5 | K19: 12.5 | L19: 11.3 | M19: 11
B20: CTDIw | C20: 11.4 | D20: 18.4 | E20: 19.4 | F20: 10.2 | G20: 13.4 | H20: 10.2 | I20: 13.1 | J20: 13.7 | K20: 12.6 | L20: 11.4 | M20: 11.1
B21: k | C21: =IF(OR(C19="",C20=""),"",C20/C19) -> 1.0178571 | D21: =IF(OR(D19="",D20=""),"",D20/D19) -> 1.0165746 | E21: =IF(OR(E19="",E20=""),"",E20/E19) -> 1.0104167 | F21: =IF(OR(F19="",F20=""),"",F20/F19) -> 1.009901 | G21: =IF(OR(G19="",G20=""),"",G20/G19) -> 1.0075188 | H21: =IF(OR(H19="",H20=""),"",H20/H19) -> 1.009901 | I21: =IF(OR(I19="",I20=""),"",I20/I19) -> 1.0155039 | J21: =IF(OR(J19="",J20=""),"",J20/J19) -> 1.0148148 | ... M21: =IF(OR(M19="",M20=""),"",M20/M19) -> 1.0090909
A22: 120 | B22: Center | C22: 14 | D22: 22.7 | E22: 23.9 | F22: 12.6 | G22: 16.6 | H22: 12.6 | I22: 16.1 | J22: 16.9 | K22: 15.6 | L22: 14.1 | M22: 13.8
B23: CTDIw | C23: 14.2 | D23: 23 | E23: 24.1 | F23: 12.7 | G23: 16.7 | H23: 12.7 | I23: 16.3 | J23: 17.1 | K23: 15.8 | L23: 14.2 | M23: 13.9
B24: k | C24: =IF(OR(C22="",C23=""),"",C23/C22) -> 1.0142857 | D24: =IF(OR(D22="",D23=""),"",D23/D22) -> 1.0132159 | E24: =IF(OR(E22="",E23=""),"",E23/E22) -> 1.0083682 | F24: =IF(OR(F22="",F23=""),"",F23/F22) -> 1.0079365 | G24: =IF(OR(G22="",G23=""),"",G23/G22) -> 1.0060241 | H24: =IF(OR(H22="",H23=""),"",H23/H22) -> 1.0079365 | I24: =IF(OR(I22="",I23=""),"",I23/I22) -> 1.0124224 | J24: =IF(OR(J22="",J23=""),"",J23/J22) -> 1.0118343 | ... M24: =IF(OR(M22="",M23=""),"",M23/M22) -> 1.0072464
A25: 130 | B25: Center | C25: 16.9 | D25: 27.4 | E25: 29 | F25: 15.2 | G25: 20.1 | H25: 15.2 | I25: 19.5 | J25: 20.5 | K25: 18.9 | L25: 17 | M25: 16.7
B26: CTDIw | C26: 17.2 | D26: 27.8 | E26: 29.3 | F26: 15.4 | G26: 20.3 | H26: 15.4 | I26: 19.8 | J26: 20.7 | K26: 19.1 | L26: 17.3 | M26: 16.8
B27: k | C27: =IF(OR(C25="",C26=""),"",C26/C25) -> 1.0177515 | D27: =IF(OR(D25="",D26=""),"",D26/D25) -> 1.0145985 | E27: =IF(OR(E25="",E26=""),"",E26/E25) -> 1.0103448 | F27: =IF(OR(F25="",F26=""),"",F26/F25) -> 1.0131579 | G27: =IF(OR(G25="",G26=""),"",G26/G25) -> 1.0099502 | H27: =IF(OR(H25="",H26=""),"",H26/H25) -> 1.0131579 | I27: =IF(OR(I25="",I26=""),"",I26/I25) -> 1.0153846 | J27: =IF(OR(J25="",J26=""),"",J26/J25) -> 1.0097561 | ... M27: =IF(OR(M25="",M26=""),"",M26/M25) -> 1.005988
A28: 140 | B28: Center | C28: 20.3 | D28: 32.9 | E28: 34.8 | F28: 18.2 | G28: 24.1 | H28: 18.2 | I28: 23.4 | J28: 24.6 | K28: 22.6 | L28: 20.4 | M28: 20
B29: CTDIw | C29: 20.5 | D29: 33.3 | E29: 35.1 | F29: 18.4 | G29: 24.3 | H29: 18.4 | I29: 23.6 | J29: 24.8 | K29: 22.9 | L29: 20.9 | M29: 20.2
B30: k | C30: =IF(OR(C28="",C29=""),"",C29/C28) -> 1.0098522 | D30: =IF(OR(D28="",D29=""),"",D29/D28) -> 1.0121581 | E30: =IF(OR(E28="",E29=""),"",E29/E28) -> 1.0086207 | F30: =IF(OR(F28="",F29=""),"",F29/F28) -> 1.010989 | G30: =IF(OR(G28="",G29=""),"",G29/G28) -> 1.0082988 | H30: =IF(OR(H28="",H29=""),"",H29/H28) -> 1.010989 | I30: =IF(OR(I28="",I29=""),"",I29/I28) -> 1.008547 | J30: =IF(OR(J28="",J29=""),"",J29/J28) -> 1.0081301 | ... M30: =IF(OR(M28="",M29=""),"",M29/M28) -> 1.01
A31: Sn 100 | B31: Center | C31: 1.54 | D31: 2.5 | E31: 2.65 | F31: 1.38 | G31: 1.84 | H31: 1.38 | I31: 1.77 | J31: 1.87 | K31: 1.72 | L31: 1.55 | M31: 1.52
B32: CTDIw | C32: 1.54 | D32: 2.49 | E32: 2.63 | F32: 1.38 | G32: 1.82 | H32: 1.38 | I32: 1.77 | J32: 1.86 | K32: 1.71 | L32: 1.54 | M32: 1.51
B33: k | C33: =IF(OR(C31="",C32=""),"",C32/C31) -> 1 | D33: =IF(OR(D31="",D32=""),"",D32/D31) -> 0.996 | E33: =IF(OR(E31="",E32=""),"",E32/E31) -> 0.99245283 | F33: =IF(OR(F31="",F32=""),"",F32/F31) -> 1 | G33: =IF(OR(G31="",G32=""),"",G32/G31) -> 0.98913043 | H33: =IF(OR(H31="",H32=""),"",H32/H31) -> 1 | I33: =IF(OR(I31="",I32=""),"",I32/I31) -> 1 | J33: =IF(OR(J31="",J32=""),"",J32/J31) -> 0.99465241 | ... M33: =IF(OR(M31="",M32=""),"",M32/M31) -> 0.99342105
A34: Sn 140 | B34: Center | C34: 6.49 | D34: 10.5 | E34: 11.2 | F34: 5.82 | G34: 7.74 | H34: 5.82 | I34: 7.47 | J34: 7.88 | K34: 7.25 | L34: 6.52 | M34: 6.42
B35: CTDIw | C35: 6.55 | D35: 10.6 | E35: 11.2 | F35: 5.87 | G35: 7.79 | H35: 5.87 | I35: 7.54 | J35: 7.94 | K35: 7.3 | L35: 6.58 | M35: 6.46
B36: k | C36: =IF(OR(C34="",C35=""),"",C35/C34) -> 1.009245 | D36: =IF(OR(D34="",D35=""),"",D35/D34) -> 1.0095238 | E36: =IF(OR(E34="",E35=""),"",E35/E34) -> 1 | F36: =IF(OR(F34="",F35=""),"",F35/F34) -> 1.0085911 | G36: =IF(OR(G34="",G35=""),"",G35/G34) -> 1.0064599 | H36: =IF(OR(H34="",H35=""),"",H35/H34) -> 1.0085911 | I36: =IF(OR(I34="",I35=""),"",I35/I34) -> 1.0093708 | J36: =IF(OR(J34="",J35=""),"",J35/J34) -> 1.0076142 | ... M36: =IF(OR(M34="",M35=""),"",M35/M34) -> 1.0062305
A38: 16 cm phantom, Narrow shaped filter (Inner Ear)
B39: Collimation | C39: 2x1 | D39: 6x0.6 | E39: 8x0.6 | F39: 1x5 | G39: 10x0.6 | H39: 1x10 | I39: 12x1.2 | J39: 20x0.6 | K39: 32x0.6 | L39: 12x1.2 | M39: 64x0.6
B40: Total | C40: 2 | D40: 3.6 | E40: 4.8 | F40: 5 | G40: 6 | H40: 10 | I40: 14.4 | J40: 12 | K40: 19.2 | L40: 14.4 | M40: 38.4
B41: Acquisition | C41: 2x1 | D41: 6x0.6 | E41: 16x0.6 | F41: 1x5 | G41: 20x0.6 | H41: 1x10 | I41: 12x1.2 | J41: 40x0.6 | K41: 64x0.6 | L41: 12x1.2 | M41: 128x0.6
B42: Shaped filter | E42: z-sharp | G42: z-sharp | J42: z-sharp | K42: z-sharp
A43: kV
A44: 70 | B44: Center | C44: 2.32 | D44: 3.75 | E44: 3.95 | F44: 2.08 | G44: 2.74 | H44: 2.08 | I44: 2.67 | J44: 2.79 | K44: 2.58 | L44: 2.33 | M44: 2.27
B45: CTDIw | C45: 2.29 | D45: 3.71 | E45: 3.88 | F45: 20.6 | G45: 2.69 | H45: 20.6 | I45: 2.64 | J45: 2.74 | K45: 2.54 | L45: 2.3 | M45: 2.23
B46: k | C46: =IF(OR(C44="",C45=""),"",C45/C44) -> 0.98706897 | D46: =IF(OR(D44="",D45=""),"",D45/D44) -> 0.98933333 | E46: =IF(OR(E44="",E45=""),"",E45/E44) -> 0.98227848 | F46: =IF(OR(F44="",F45=""),"",F45/F44) -> 9.9038462 | G46: =IF(OR(G44="",G45=""),"",G45/G44) -> 0.98175182 | H46: =IF(OR(H44="",H45=""),"",H45/H44) -> 9.9038462 | I46: =IF(OR(I44="",I45=""),"",I45/I44) -> 0.98876404 | J46: =IF(OR(J44="",J45=""),"",J45/J44) -> 0.98207885 | ... M46: =IF(OR(M44="",M45=""),"",M45/M44) -> 0.98237885
A47: 80 | B47: Center | C47: 3.74 | D47: 6.05 | E47: 6.38 | F47: 3.35 | G47: 4.43 | H47: 3.35 | I47: 4.3 | J47: 4.51 | K47: 4.16 | L47: 3.76 | M47: 3.67
B48: CTDIw | C48: 3.67 | D48: 5.94 | E48: 6.23 | F48: 3.29 | G48: 4.32 | H48: 3.29 | I48: 4.22 | J48: 4.4 | K48: 4.07 | L48: 3.68 | M48: 3.58
B49: k | C49: =IF(OR(C47="",C48=""),"",C48/C47) -> 0.98128342 | D49: =IF(OR(D47="",D48=""),"",D48/D47) -> 0.98181818 | E49: =IF(OR(E47="",E48=""),"",E48/E47) -> 0.97648903 | F49: =IF(OR(F47="",F48=""),"",F48/F47) -> 0.98208955 | G49: =IF(OR(G47="",G48=""),"",G48/G47) -> 0.9751693 | H49: =IF(OR(H47="",H48=""),"",H48/H47) -> 0.98208955 | I49: =IF(OR(I47="",I48=""),"",I48/I47) -> 0.98139535 | J49: =IF(OR(J47="",J48=""),"",J48/J47) -> 0.97560976 | ... M49: =IF(OR(M47="",M48=""),"",M48/M47) -> 0.97547684
A50: 90 | B50: Center | C50: 5.54 | D50: 8.97 | E50: 9.47 | F50: 4.97 | G50: 6.57 | H50: 4.97 | I50: 6.38 | J50: 6.69 | K50: 6.17 | L50: 5.56 | M50: 5.45
B51: CTDIw | C51: 5.42 | D51: 8.77 | E51: 9.2 | F51: 4.86 | G51: 6.38 | H51: 4.86 | I51: 6.24 | J51: 6.5 | K51: 6.01 | L51: 5.44 | M51: 5.29
B52: k | C52: =IF(OR(C50="",C51=""),"",C51/C50) -> 0.97833935 | D52: =IF(OR(D50="",D51=""),"",D51/D50) -> 0.97770346 | E52: =IF(OR(E50="",E51=""),"",E51/E50) -> 0.97148891 | F52: =IF(OR(F50="",F51=""),"",F51/F50) -> 0.9778672 | G52: =IF(OR(G50="",G51=""),"",G51/G50) -> 0.97108067 | H52: =IF(OR(H50="",H51=""),"",H51/H50) -> 0.9778672 | I52: =IF(OR(I50="",I51=""),"",I51/I50) -> 0.97805643 | J52: =IF(OR(J50="",J51=""),"",J51/J50) -> 0.9715994 | ... M52: =IF(OR(M50="",M51=""),"",M51/M50) -> 0.9706422
A53: 100 | B53: Center | C53: 7.66 | D53: 12.4 | E53: 13.1 | F53: 6.87 | G53: 9.08 | H53: 6.87 | I53: 8.81 | J53: 9.25 | K53: 8.53 | L53: 7.69 | M53: 7.53
B54: CTDIw | C54: 7.48 | D54: 12.1 | E54: 12.7 | F54: 6.71 | G54: 8.81 | H54: 6.71 | I54: 8.6 | J54: 8.98 | K54: 8.3 | L54: 7.51 | M54: 7.31
B55: k | C55: =IF(OR(C53="",C54=""),"",C54/C53) -> 0.97650131 | D55: =IF(OR(D53="",D54=""),"",D54/D53) -> 0.97580645 | E55: =IF(OR(E53="",E54=""),"",E54/E53) -> 0.96946565 | F55: =IF(OR(F53="",F54=""),"",F54/F53) -> 0.97671033 | G55: =IF(OR(G53="",G54=""),"",G54/G53) -> 0.97026432 | H55: =IF(OR(H53="",H54=""),"",H54/H53) -> 0.97671033 | I55: =IF(OR(I53="",I54=""),"",I54/I53) -> 0.97616345 | J55: =IF(OR(J53="",J54=""),"",J54/J53) -> 0.97081081 | ... M55: =IF(OR(M53="",M54=""),"",M54/M53) -> 0.97078353
A56: 110 | B56: Center | C56: 10.3 | D56: 16.7 | E56: 17.6 | F56: 9.26 | G56: 12.2 | H56: 9.26 | I56: 11.9 | J56: 12.5 | K56: 11.5 | L56: 10.4 | M56: 10.1
B57: CTDIw | C57: 10.1 | D57: 16.3 | E57: 17.1 | F57: 9.03 | G57: 11.9 | H57: 9.03 | I57: 11.6 | J57: 12.1 | K57: 11.2 | L57: 10.1 | M57: 9.83
B58: k | C58: =IF(OR(C56="",C57=""),"",C57/C56) -> 0.98058252 | D58: =IF(OR(D56="",D57=""),"",D57/D56) -> 0.9760479 | E58: =IF(OR(E56="",E57=""),"",E57/E56) -> 0.97159091 | F58: =IF(OR(F56="",F57=""),"",F57/F56) -> 0.97516199 | G58: =IF(OR(G56="",G57=""),"",G57/G56) -> 0.97540984 | H58: =IF(OR(H56="",H57=""),"",H57/H56) -> 0.97516199 | I58: =IF(OR(I56="",I57=""),"",I57/I56) -> 0.97478992 | J58: =IF(OR(J56="",J57=""),"",J57/J56) -> 0.968 | ... M58: =IF(OR(M56="",M57=""),"",M57/M56) -> 0.97326733
A59: 120 | B59: Center | C59: 12.9 | D59: 20.9 | E59: 22.1 | F59: 11.6 | G59: 15.3 | H59: 11.6 | I59: 14.9 | J59: 15.6 | K59: 14.4 | L59: 13 | M59: 12.7
B60: CTDIw | C60: 12.6 | D60: 20.4 | E60: 21.4 | F60: 11.3 | G60: 14.9 | H60: 11.3 | I60: 14.5 | J60: 15.1 | K60: 14 | L60: 12.7 | M60: 12.3
B61: k | C61: =IF(OR(C59="",C60=""),"",C60/C59) -> 0.97674419 | D61: =IF(OR(D59="",D60=""),"",D60/D59) -> 0.97607656 | E61: =IF(OR(E59="",E60=""),"",E60/E59) -> 0.96832579 | F61: =IF(OR(F59="",F60=""),"",F60/F59) -> 0.97413793 | G61: =IF(OR(G59="",G60=""),"",G60/G59) -> 0.97385621 | H61: =IF(OR(H59="",H60=""),"",H60/H59) -> 0.97413793 | I61: =IF(OR(I59="",I60=""),"",I60/I59) -> 0.97315436 | J61: =IF(OR(J59="",J60=""),"",J60/J59) -> 0.96794872 | ... M61: =IF(OR(M59="",M60=""),"",M60/M59) -> 0.96850394
A62: 130 | B62: Center | C62: 15.7 | D62: 25.4 | E62: 26.8 | F62: 14.1 | G62: 18.6 | H62: 14.1 | I62: 18.1 | J62: 19 | K62: 17.5 | L62: 15.8 | M62: 15.4
B63: CTDIw | C63: 15.4 | D63: 24.9 | E63: 26.1 | F63: 13.8 | G63: 18.1 | H63: 13.8 | I63: 17.7 | J63: 18.5 | K63: 17.1 | L63: 15.4 | M63: 15
B64: k | C64: =IF(OR(C62="",C63=""),"",C63/C62) -> 0.98089172 | D64: =IF(OR(D62="",D63=""),"",D63/D62) -> 0.98031496 | E64: =IF(OR(E62="",E63=""),"",E63/E62) -> 0.9738806 | F64: =IF(OR(F62="",F63=""),"",F63/F62) -> 0.9787234 | G64: =IF(OR(G62="",G63=""),"",G63/G62) -> 0.97311828 | H64: =IF(OR(H62="",H63=""),"",H63/H62) -> 0.9787234 | I64: =IF(OR(I62="",I63=""),"",I63/I62) -> 0.97790055 | J64: =IF(OR(J62="",J63=""),"",J63/J62) -> 0.97368421 | ... M64: =IF(OR(M62="",M63=""),"",M63/M62) -> 0.97402597
A65: 140 | B65: Center | C65: 18.8 | D65: 30.5 | E65: 32.3 | F65: 16.9 | G65: 22.4 | H65: 16.9 | I65: 21.7 | J65: 22.8 | K65: 21 | L65: 18.9 | M65: 18.5
B66: CTDIw | C66: 18.4 | D66: 29.8 | E66: 31.4 | F66: 16.5 | G66: 21.8 | H66: 16.5 | I66: 21.2 | J66: 22.2 | K66: 20.5 | L66: 18.5 | M66: 18
B67: k | C67: =IF(OR(C65="",C66=""),"",C66/C65) -> 0.9787234 | D67: =IF(OR(D65="",D66=""),"",D66/D65) -> 0.97704918 | E67: =IF(OR(E65="",E66=""),"",E66/E65) -> 0.97213622 | F67: =IF(OR(F65="",F66=""),"",F66/F65) -> 0.97633136 | G67: =IF(OR(G65="",G66=""),"",G66/G65) -> 0.97321429 | H67: =IF(OR(H65="",H66=""),"",H66/H65) -> 0.97633136 | I67: =IF(OR(I65="",I66=""),"",I66/I65) -> 0.97695853 | J67: =IF(OR(J65="",J66=""),"",J66/J65) -> 0.97368421 | ... M67: =IF(OR(M65="",M66=""),"",M66/M65) -> 0.97297297
A68: Sn 100 | B68: Center | C68: 1.45 | D68: 2.35 | E68: 2.49 | F68: 1.3 | G68: 1.73 | H68: 1.3 | I68: 1.67 | J68: 1.76 | K68: 1.62 | L68: 1.46 | M68: 1.43
B69: CTDIw | C69: 1.4 | D69: 2.27 | E69: 2.4 | F69: 1.26 | G69: 1.66 | H69: 1.26 | I69: 1.61 | J69: 1.69 | K69: 1.56 | L69: 1.41 | M69: 1.38
B70: k | C70: =IF(OR(C68="",C69=""),"",C69/C68) -> 0.96551724 | D70: =IF(OR(D68="",D69=""),"",D69/D68) -> 0.96595745 | E70: =IF(OR(E68="",E69=""),"",E69/E68) -> 0.96385542 | F70: =IF(OR(F68="",F69=""),"",F69/F68) -> 0.96923077 | G70: =IF(OR(G68="",G69=""),"",G69/G68) -> 0.95953757 | H70: =IF(OR(H68="",H69=""),"",H69/H68) -> 0.96923077 | I70: =IF(OR(I68="",I69=""),"",I69/I68) -> 0.96407186 | J70: =IF(OR(J68="",J69=""),"",J69/J68) -> 0.96022727 | ... M70: =IF(OR(M68="",M69=""),"",M69/M68) -> 0.96503497
A71: Sn 140 | B71: Center | C71: 6.16 | D71: 9.97 | E71: 10.6 | F71: 5.52 | G71: 7.35 | H71: 5.52 | I71: 7.09 | J71: 7.49 | K71: 6.88 | L71: 6.19 | M71: 6.09
B72: CTDIw | C72: 6.06 | D72: 9.8 | E72: 10.4 | F72: 5.43 | G72: 7.2 | H72: 5.43 | I72: 6.97 | J72: 7.34 | K72: 6.75 | L72: 6.08 | M72: 5.97
B73: k | C73: =IF(OR(C71="",C72=""),"",C72/C71) -> 0.98376623 | D73: =IF(OR(D71="",D72=""),"",D72/D71) -> 0.98294885 | E73: =IF(OR(E71="",E72=""),"",E72/E71) -> 0.98113208 | F73: =IF(OR(F71="",F72=""),"",F72/F71) -> 0.98369565 | G73: =IF(OR(G71="",G72=""),"",G72/G71) -> 0.97959184 | H73: =IF(OR(H71="",H72=""),"",H72/H71) -> 0.98369565 | I73: =IF(OR(I71="",I72=""),"",I72/I71) -> 0.98307475 | J73: =IF(OR(J71="",J72=""),"",J72/J71) -> 0.9799733 | ... M73: =IF(OR(M71="",M72=""),"",M72/M71) -> 0.98029557
A75: 32 cm phantom, Narrow shaped filter (Cardiac, Ped Body, Flash)
B76: Collimation | C76: 2x1 | D76: 6x0.6 | E76: 8x0.6 | F76: 1x5 | G76: 10x0.6 | H76: 1x10 | I76: 12x1.2 | J76: 20x0.6 | K76: 32x0.6 | L76: 12x1.2 | M76: 64x0.6
B77: Total | C77: 2 | D77: 3.6 | E77: 4.8 | F77: 5 | G77: 6 | H77: 10 | I77: 14.4 | J77: 12 | K77: 19.2 | L77: 14.4 | M77: 38.4
B78: Acquisition | C78: 2x1 | D78: 6x0.6 | E78: 16x0.6 | F78: 1x5 | G78: 20x0.6 | H78: 1x10 | I78: 12x1.2 | J78: 40x0.6 | K78: 64x0.6 | L78: 12x1.2 | M78: 128x0.6
B79: Shaped filter | E79: z-sharp | G79: z-sharp | J79: z-sharp | K79: z-sharp
A80: kV
A81: 70 | B81: Center | C81: 0.5 | D81: 0.81 | E81: 0.86 | F81: 0.45 | G81: 0.6 | H81: 0.45 | I81: 0.58 | J81: 0.61 | K81: 0.56 | L81: 0.5 | M81: 0.49
B82: CTDIw | C82: 0.82 | D82: 1.33 | E82: 1.39 | F82: 0.74 | G82: 0.97 | H82: 0.74 | I82: 0.94 | J82: 0.98 | K82: 0.91 | L82: 0.82 | M82: 0.8
B83: k | C83: =IF(OR(C81="",C82=""),"",C82/C81) -> 1.64 | D83: =IF(OR(D81="",D82=""),"",D82/D81) -> 1.6419753 | E83: =IF(OR(E81="",E82=""),"",E82/E81) -> 1.6162791 | F83: =IF(OR(F81="",F82=""),"",F82/F81) -> 1.6444444 | G83: =IF(OR(G81="",G82=""),"",G82/G81) -> 1.6166667 | H83: =IF(OR(H81="",H82=""),"",H82/H81) -> 1.6444444 | I83: =IF(OR(I81="",I82=""),"",I82/I81) -> 1.6206897 | J83: =IF(OR(J81="",J82=""),"",J82/J81) -> 1.6065574 | ... M83: =IF(OR(M81="",M82=""),"",M82/M81) -> 1.6326531
A84: 80 | B84: Center | C84: 0.91 | D84: 1.48 | E84: 1.56 | F84: 0.82 | G84: 1.08 | H84: 0.82 | I84: 1.05 | J84: 1.11 | K84: 1.02 | L84: 0.92 | M84: 0.9
B85: CTDIw | C85: 1.41 | D85: 2.28 | E85: 2.38 | F85: 1.26 | G85: 1.65 | H85: 1.26 | I85: 1.62 | J85: 1.68 | K85: 1.56 | L85: 1.41 | M85: 1.37
B86: k | C86: =IF(OR(C84="",C85=""),"",C85/C84) -> 1.5494505 | D86: =IF(OR(D84="",D85=""),"",D85/D84) -> 1.5405405 | E86: =IF(OR(E84="",E85=""),"",E85/E84) -> 1.525641 | F86: =IF(OR(F84="",F85=""),"",F85/F84) -> 1.5365854 | G86: =IF(OR(G84="",G85=""),"",G85/G84) -> 1.5277778 | H86: =IF(OR(H84="",H85=""),"",H85/H84) -> 1.5365854 | I86: =IF(OR(I84="",I85=""),"",I85/I84) -> 1.5428571 | J86: =IF(OR(J84="",J85=""),"",J85/J84) -> 1.5135135 | ... M86: =IF(OR(M84="",M85=""),"",M85/M84) -> 1.5222222
A87: 90 | B87: Center | C87: 1.46 | D87: 2.36 | E87: 2.49 | F87: 1.31 | G87: 1.73 | H87: 1.31 | I87: 1.68 | J87: 1.76 | K87: 1.62 | L87: 1.47 | M87: 1.43
B88: CTDIw | C88: 2.17 | D88: 3.51 | E88: 3.67 | F88: 1.95 | G88: 2.54 | H88: 1.95 | I88: 2.5 | J88: 2.59 | K88: 2.4 | L88: 2.18 | M88: 2.11
B89: k | C89: =IF(OR(C87="",C88=""),"",C88/C87) -> 1.4863014 | D89: =IF(OR(D87="",D88=""),"",D88/D87) -> 1.4872881 | E89: =IF(OR(E87="",E88=""),"",E88/E87) -> 1.4738956 | F89: =IF(OR(F87="",F88=""),"",F88/F87) -> 1.4885496 | G89: =IF(OR(G87="",G88=""),"",G88/G87) -> 1.4682081 | H89: =IF(OR(H87="",H88=""),"",H88/H87) -> 1.4885496 | I89: =IF(OR(I87="",I88=""),"",I88/I87) -> 1.4880952 | J89: =IF(OR(J87="",J88=""),"",J88/J87) -> 1.4715909 | ... M89: =IF(OR(M87="",M88=""),"",M88/M87) -> 1.4755245
A90: 100 | B90: Center | C90: 2.1 | D90: 3.4 | E90: 3.57 | F90: 1.89 | G90: 2.49 | H90: 1.89 | I90: 2.42 | J90: 2.54 | K90: 2.34 | L90: 2.11 | M90: 2.07
B91: CTDIw | C91: 3.04 | D91: 4.93 | E91: 5.15 | F91: 2.73 | G91: 3.57 | H91: 2.73 | I91: 3.5 | J91: 3.64 | K91: 3.37 | L91: 3.06 | M91: 2.96
B92: k | C92: =IF(OR(C90="",C91=""),"",C91/C90) -> 1.447619 | D92: =IF(OR(D90="",D91=""),"",D91/D90) -> 1.45 | E92: =IF(OR(E90="",E91=""),"",E91/E90) -> 1.442577 | F92: =IF(OR(F90="",F91=""),"",F91/F90) -> 1.4444444 | G92: =IF(OR(G90="",G91=""),"",G91/G90) -> 1.4337349 | H92: =IF(OR(H90="",H91=""),"",H91/H90) -> 1.4444444 | I92: =IF(OR(I90="",I91=""),"",I91/I90) -> 1.446281 | J92: =IF(OR(J90="",J91=""),"",J91/J90) -> 1.4330709 | ... M92: =IF(OR(M90="",M91=""),"",M91/M90) -> 1.4299517
A93: 110 | B93: Center | C93: 2.91 | D93: 4.72 | E93: 4.98 | F93: 2.61 | G93: 3.45 | H93: 2.61 | I93: 3.35 | J93: 3.52 | K93: 3.24 | L93: 2.93 | M93: 2.86
B94: CTDIw | C94: 4.14 | D94: 6.7 | E94: 7.01 | F94: 3.71 | G94: 7.86 | H94: 3.71 | I94: 4.76 | J94: 4.95 | K94: 4.55 | L94: 4.1 | M94: 4.03
B95: k | C95: =IF(OR(C93="",C94=""),"",C94/C93) -> 1.4226804 | D95: =IF(OR(D93="",D94=""),"",D94/D93) -> 1.4194915 | E95: =IF(OR(E93="",E94=""),"",E94/E93) -> 1.4076305 | F95: =IF(OR(F93="",F94=""),"",F94/F93) -> 1.4214559 | G95: =IF(OR(G93="",G94=""),"",G94/G93) -> 2.2782609 | H95: =IF(OR(H93="",H94=""),"",H94/H93) -> 1.4214559 | I95: =IF(OR(I93="",I94=""),"",I94/I93) -> 1.4208955 | J95: =IF(OR(J93="",J94=""),"",J94/J93) -> 1.40625 | ... M95: =IF(OR(M93="",M94=""),"",M94/M93) -> 1.4090909
A96: 120 | B96: Center | C96: 3.76 | D96: 6.09 | E96: 6.42 | F96: 3.37 | G96: 4.45 | H96: 3.37 | I96: 4.33 | J96: 4.54 | K96: 4.18 | L96: 3.78 | M96: 3.67
B97: CTDIw | C97: 5.27 | D97: 8.53 | E97: 8.92 | F97: 4.73 | G97: 6.18 | H97: 4.73 | I97: 6.06 | J97: 6.3 | K97: 5.84 | L97: 5.29 | M97: 5.13
B98: k | C98: =IF(OR(C96="",C97=""),"",C97/C96) -> 1.4015957 | D98: =IF(OR(D96="",D97=""),"",D97/D96) -> 1.4006568 | E98: =IF(OR(E96="",E97=""),"",E97/E96) -> 1.3894081 | F98: =IF(OR(F96="",F97=""),"",F97/F96) -> 1.4035608 | G98: =IF(OR(G96="",G97=""),"",G97/G96) -> 1.388764 | H98: =IF(OR(H96="",H97=""),"",H97/H96) -> 1.4035608 | I98: =IF(OR(I96="",I97=""),"",I97/I96) -> 1.3995381 | J98: =IF(OR(J96="",J97=""),"",J97/J96) -> 1.3876652 | ... M98: =IF(OR(M96="",M97=""),"",M97/M96) -> 1.3978202
A99: 130 | B99: Center | C99: 4.73 | D99: 7.65 | E99: 8.08 | F99: 4.24 | G99: 5.6 | H99: 4.24 | I99: 5.44 | J99: 5.71 | K99: 5.26 | L99: 4.75 | M99: 4.65
B100: CTDIw | C100: 6.56 | D100: 10.6 | E100: 11.1 | F100: 5.88 | G100: 7.71 | H100: 5.88 | I100: 7.55 | J100: 7.86 | K100: 7.27 | L100: 6.59 | M100: 6.39
B101: k | C101: =IF(OR(C99="",C100=""),"",C100/C99) -> 1.3868922 | D101: =IF(OR(D99="",D100=""),"",D100/D99) -> 1.3856209 | E101: =IF(OR(E99="",E100=""),"",E100/E99) -> 1.3737624 | F101: =IF(OR(F99="",F100=""),"",F100/F99) -> 1.3867925 | G101: =IF(OR(G99="",G100=""),"",G100/G99) -> 1.3767857 | H101: =IF(OR(H99="",H100=""),"",H100/H99) -> 1.3867925 | I101: =IF(OR(I99="",I100=""),"",I100/I99) -> 1.3878676 | J101: =IF(OR(J99="",J100=""),"",J100/J99) -> 1.3765324 | ... M101: =IF(OR(M99="",M100=""),"",M100/M99) -> 1.3741935
A102: 140 | B102: Center | C102: 5.81 | D102: 9.41 | E102: 9.96 | F102: 5.21 | G102: 6.9 | H102: 5.21 | I102: 6.69 | J102: 7.04 | K102: 6.48 | L102: 5.84 | M102: 5.72
...

Sheet Somatom Force
A1: 16 cm phantom, Standard shaped filter (Routine head)
B2: Collimation | C2: 2x1 | D2: 6x0.6 | E2: 1x5 | F2: 1x10 | G2: 12x1.2 | H2: 32x0.6 | I2: 32x0.6 | J2: 32x0.6 | K2: 48x1.2 | L2: 64x1.2 | M2: 96x0.6 | N2: 24x1.2 | O2: 48x1.2
B3: Total | C3: 2 | D3: 3.6 | E3: 5 | F3: 10 | G3: 14.4 | H3: 19.2 | I3: 19.2 | J3: 19.2 | K3: =48*1.2 -> 57.6 | L3: =64*1.2 -> 76.8 | M3: =96*0.6 -> 57.6 | N3: =24*1.2 -> 28.8 | O3: =48*1.2 -> 57.6
B4: Acquisition | C4: 2x1 | D4: 6x0.6 | E4: 1x5 | F4: 1x10 | G4: 12x1.2 | H4: 32x0.6 | I4: 64x0.6 | J4: 64x0.6 | K4: 96x0.6 | L4: 128x0.6 | M4: 192x0.6 | N4: 24x1.2 | O4: 48*1.2
B5: Shaped filter | H5: UHR | I5: sURH z-sharp | J5: z-sharp | K5: z-sharp | L5: z-sharp | M5: z-sharp | N5: z-sharp
A6: kV
A7: 70 | B7: Center | C7: 2.53 | D7: 4.21 | E7: 2.44 | F7: 2.44 | G7: 3.48 | H7: 2.75 | I7: 2.96 | J7: 3.36 | K7: 3.05 | L7: 2.9 | M7: 2.72 | N7: 3 | O7: 2.73
B8: CTDIw | C8: 2.72 | D8: 4.53 | E8: 2.63 | F8: 2.63 | G8: 3.75 | H8: 2.96 | I8: 3.18 | J8: 3.62 | K8: 3.28 | L8: 3.12 | M8: 2.93 | N8: 3.23 | O8: 2.93
B9: k | C9: =IF(OR(C7="",C8=""),"",C8/C7) -> 1.0750988 | D9: =IF(OR(D7="",D8=""),"",D8/D7) -> 1.0760095 | E9: =IF(OR(E7="",E8=""),"",E8/E7) -> 1.0778689 | F9: =IF(OR(F7="",F8=""),"",F8/F7) -> 1.0778689 | G9: =IF(OR(G7="",G8=""),"",G8/G7) -> 1.0775862 | H9: =IF(OR(H7="",H8=""),"",H8/H7) -> 1.0763636 | I9: =IF(OR(I7="",I8=""),"",I8/I7) -> 1.0743243 | J9: =IF(OR(J7="",J8=""),"",J8/J7) -> 1.077381 | ... O9: =IF(OR(O7="",O8=""),"",O8/O7) -> 1.0732601
A10: 80 | B10: Center | C10: 4.04 | D10: 6.73 | E10: 3.9 | F10: 3.9 | G10: 5.56 | H10: 4.4 | I10: 4.72 | J10: 5.37 | K10: 4.87 | L10: 4.62 | M10: 4.35 | N10: 4.79 | O10: 4.35
B11: CTDIw | C11: 4.24 | D11: 7.07 | E11: 4.1 | F11: 4.1 | G11: 5.85 | H11: 4.63 | I11: 4.97 | J11: 5.65 | K11: 5.12 | L11: 4.86 | M11: 4.58 | N11: 5.03 | O11: 4.58
B12: k | C12: =IF(OR(C10="",C11=""),"",C11/C10) -> 1.049505 | D12: =IF(OR(D10="",D11=""),"",D11/D10) -> 1.0505201 | E12: =IF(OR(E10="",E11=""),"",E11/E10) -> 1.0512821 | F12: =IF(OR(F10="",F11=""),"",F11/F10) -> 1.0512821 | G12: =IF(OR(G10="",G11=""),"",G11/G10) -> 1.0521583 | H12: =IF(OR(H10="",H11=""),"",H11/H10) -> 1.0522727 | I12: =IF(OR(I10="",I11=""),"",I11/I10) -> 1.0529661 | J12: =IF(OR(J10="",J11=""),"",J11/J10) -> 1.0521415 | ... O12: =IF(OR(O10="",O11=""),"",O11/O10) -> 1.0528736
A13: 90 | B13: Center | C13: 5.93 | D13: 9.88 | E13: 5.73 | F13: 5.73 | G13: 8.17 | H13: 6.46 | I13: 6.94 | J13: 7.89 | K13: 7.16 | L13: 6.79 | M13: 6.39 | N13: 7.03 | O13: 6.4
B14: CTDIw | C14: 6.08 | D14: 10.13 | E14: 5.87 | F14: 5.87 | G14: 8.37 | H14: 6.62 | I14: 7.11 | J14: 8.08 | K14: 7.33 | L14: 6.96 | M14: 6.55 | N14: 7.2 | O14: 6.55
B15: k | C15: =IF(OR(C13="",C14=""),"",C14/C13) -> 1.0252951 | D15: =IF(OR(D13="",D14=""),"",D14/D13) -> 1.0253036 | E15: =IF(OR(E13="",E14=""),"",E14/E13) -> 1.0244328 | F15: =IF(OR(F13="",F14=""),"",F14/F13) -> 1.0244328 | G15: =IF(OR(G13="",G14=""),"",G14/G13) -> 1.0244798 | H15: =IF(OR(H13="",H14=""),"",H14/H13) -> 1.0247678 | I15: =IF(OR(I13="",I14=""),"",I14/I13) -> 1.0244957 | J15: =IF(OR(J13="",J14=""),"",J14/J13) -> 1.0240811 | ... O15: =IF(OR(O13="",O14=""),"",O14/O13) -> 1.0234375
A16: 100 | B16: Center | C16: 8.08 | D16: 13.47 | E16: 7.81 | F16: 7.81 | G16: 11.14 | H16: 8.81 | I16: 9.45 | J16: 10.75 | K16: 9.76 | L16: 9.26 | M16: 8.71 | N16: 9.58 | O16: 8.72
B17: CTDIw | C17: 8.23 | D17: 13.72 | E17: 7.95 | F17: 7.95 | G17: 11.34 | H17: 8.97 | I17: 9.63 | J17: 10.95 | K17: 9.94 | L17: 9.43 | M17: 8.87 | N17: 9.76 | O17: 8.88
B18: k | C18: =IF(OR(C16="",C17=""),"",C17/C16) -> 1.0185644 | D18: =IF(OR(D16="",D17=""),"",D17/D16) -> 1.0185598 | E18: =IF(OR(E16="",E17=""),"",E17/E16) -> 1.0179257 | F18: =IF(OR(F16="",F17=""),"",F17/F16) -> 1.0179257 | G18: =IF(OR(G16="",G17=""),"",G17/G16) -> 1.0179533 | H18: =IF(OR(H16="",H17=""),"",H17/H16) -> 1.0181612 | I18: =IF(OR(I16="",I17=""),"",I17/I16) -> 1.0190476 | J18: =IF(OR(J16="",J17=""),"",J17/J16) -> 1.0186047 | ... O18: =IF(OR(O16="",O17=""),"",O17/O16) -> 1.0183486
A19: 110 | B19: Center | C19: 10.45 | D19: 17.42 | E19: 10.1 | F19: 10.1 | G19: 14.41 | H19: 11.39 | I19: 12.23 | J19: 13.91 | K19: 12.62 | L19: 11.98 | M19: 11.27 | N19: 12.4 | O19: 11.28
B20: CTDIw | C20: 10.61 | D20: 17.68 | E20: 10.25 | F20: 10.25 | G20: 14.62 | H20: 11.56 | I20: 12.41 | J20: 14.11 | K20: 12.81 | L20: 12.16 | M20: 11.44 | N20: 12.58 | O20: 11.45
B21: k | C21: =IF(OR(C19="",C20=""),"",C20/C19) -> 1.015311 | D21: =IF(OR(D19="",D20=""),"",D20/D19) -> 1.0149254 | E21: =IF(OR(E19="",E20=""),"",E20/E19) -> 1.0148515 | F21: =IF(OR(F19="",F20=""),"",F20/F19) -> 1.0148515 | G21: =IF(OR(G19="",G20=""),"",G20/G19) -> 1.0145732 | H21: =IF(OR(H19="",H20=""),"",H20/H19) -> 1.0149254 | I21: =IF(OR(I19="",I20=""),"",I20/I19) -> 1.0147179 | J21: =IF(OR(J19="",J20=""),"",J20/J19) -> 1.0143781 | ... O21: =IF(OR(O19="",O20=""),"",O20/O19) -> 1.0150709
A22: 120 | B22: Center | C22: 13.06 | D22: 21.76 | E22: 12.62 | F22: 12.62 | G22: 18 | H22: 14.23 | I22: 15.28 | J22: 17.37 | K22: 15.76 | L22: 14.96 | M22: 14.07 | N22: 15.49 | O22: 14.09
B23: CTDIw | C23: 13.22 | D23: 22.04 | E23: 12.77 | F23: 12.77 | G23: 18.22 | H23: 14.41 | I23: 15.47 | J23: 17.59 | K23: 15.96 | L23: 15.15 | M23: 14.25 | N23: 15.68 | O23: 14.26
B24: k | C24: =IF(OR(C22="",C23=""),"",C23/C22) -> 1.0122511 | D24: =IF(OR(D22="",D23=""),"",D23/D22) -> 1.0128676 | E24: =IF(OR(E22="",E23=""),"",E23/E22) -> 1.0118859 | F24: =IF(OR(F22="",F23=""),"",F23/F22) -> 1.0118859 | G24: =IF(OR(G22="",G23=""),"",G23/G22) -> 1.0122222 | H24: =IF(OR(H22="",H23=""),"",H23/H22) -> 1.0126493 | I24: =IF(OR(I22="",I23=""),"",I23/I22) -> 1.0124346 | J24: =IF(OR(J22="",J23=""),"",J23/J22) -> 1.0126655 | ... O24: =IF(OR(O22="",O23=""),"",O23/O22) -> 1.0120653
A25: 130 | B25: Center | C25: 15.73 | D25: 26.21 | E25: 15.2 | F25: 15.2 | G25: 21.68 | H25: 17.14 | I25: 18.4 | J25: 20.92 | K25: 18.99 | L25: 18.02 | M25: 16.95 | N25: 18.65 | O25: 16.97
B26: CTDIw | C26: 15.92 | D26: 26.53 | E26: 15.38 | F26: 15.38 | G26: 21.93 | H26: 17.34 | I26: 18.62 | J26: 21.17 | K26: 19.21 | L26: 18.24 | M26: 17.15 | N26: 18.87 | O26: 17.17
B27: k | C27: =IF(OR(C25="",C26=""),"",C26/C25) -> 1.0120788 | D27: =IF(OR(D25="",D26=""),"",D26/D25) -> 1.0122091 | E27: =IF(OR(E25="",E26=""),"",E26/E25) -> 1.0118421 | F27: =IF(OR(F25="",F26=""),"",F26/F25) -> 1.0118421 | G27: =IF(OR(G25="",G26=""),"",G26/G25) -> 1.0115314 | H27: =IF(OR(H25="",H26=""),"",H26/H25) -> 1.0116686 | I27: =IF(OR(I25="",I26=""),"",I26/I25) -> 1.0119565 | J27: =IF(OR(J25="",J26=""),"",J26/J25) -> 1.0119503 | ... O27: =IF(OR(O25="",O26=""),"",O26/O25) -> 1.0117855
A28: 140 | B28: Center | C28: 18.55 | D28: 30.92 | E28: 17.93 | F28: 17.93 | G28: 25.57 | H28: 20.22 | I28: 21.7 | J28: 24.68 | K28: 22.4 | L28: 21.26 | M28: 20 | N28: 22 | O28: 20.01
B29: CTDIw | C29: 18.75 | D29: 31.25 | E29: 18.12 | F29: 18.12 | G29: 25.84 | H29: 20.43 | I29: 21.94 | J29: 24.94 | K29: 22.64 | L29: 21.49 | M29: 20.21 | N29: 22.24 | O29: 20.23
B30: k | C30: =IF(OR(C28="",C29=""),"",C29/C28) -> 1.0107817 | D30: =IF(OR(D28="",D29=""),"",D29/D28) -> 1.0106727 | E30: =IF(OR(E28="",E29=""),"",E29/E28) -> 1.0105968 | F30: =IF(OR(F28="",F29=""),"",F29/F28) -> 1.0105968 | G30: =IF(OR(G28="",G29=""),"",G29/G28) -> 1.0105592 | H30: =IF(OR(H28="",H29=""),"",H29/H28) -> 1.0103858 | I30: =IF(OR(I28="",I29=""),"",I29/I28) -> 1.0110599 | J30: =IF(OR(J28="",J29=""),"",J29/J28) -> 1.0105348 | ... O30: =IF(OR(O28="",O29=""),"",O29/O28) -> 1.0109945
A31: 150 | B31: Center | C31: 21.49 | D31: 35.82 | E31: 20.77 | F31: 20.77 | G31: 29.62 | H31: 23.42 | I31: 25.15 | J31: 28.59 | K31: 25.95 | L31: 24.63 | M31: 23.17 | N31: 25.49 | O31: 23.19
B32: CTDIw | C32: 21.73 | D32: 36.22 | E32: 21 | F32: 21 | G32: 29.95 | H32: 23.68 | I32: 25.42 | J32: 28.91 | K32: 26.24 | L32: 24.9 | M32: 23.42 | N32: 25.77 | O32: 23.44
B33: k | C33: =IF(OR(C31="",C32=""),"",C32/C31) -> 1.011168 | D33: =IF(OR(D31="",D32=""),"",D32/D31) -> 1.0111669 | E33: =IF(OR(E31="",E32=""),"",E32/E31) -> 1.0110737 | F33: =IF(OR(F31="",F32=""),"",F32/F31) -> 1.0110737 | G33: =IF(OR(G31="",G32=""),"",G32/G31) -> 1.0111411 | H33: =IF(OR(H31="",H32=""),"",H32/H31) -> 1.0111016 | I33: =IF(OR(I31="",I32=""),"",I32/I31) -> 1.0107356 | J33: =IF(OR(J31="",J32=""),"",J32/J31) -> 1.0111927 | ... O33: =IF(OR(O31="",O32=""),"",O32/O31) -> 1.0107805
A34: Sn 100 | B34: Center | C34: 0.79 | D34: 1.31 | E34: 0.76 | F34: 0.76 | G34: 1.08 | H34: 0.86 | I34: 0.92 | J34: 1.05 | K34: 0.95 | L34: 0.9 | M34: 0.85 | N34: 0.93 | O34: 0.85
B35: CTDIw | C35: 0.77 | D35: 1.29 | E35: 0.75 | F35: 0.75 | G35: 1.07 | H35: 0.84 | I35: 0.9 | J35: 1.03 | K35: 0.93 | L35: 0.89 | M35: 0.83 | N35: 0.92 | O35: 0.83
B36: k | C36: =IF(OR(C34="",C35=""),"",C35/C34) -> 0.97468354 | D36: =IF(OR(D34="",D35=""),"",D35/D34) -> 0.98473282 | E36: =IF(OR(E34="",E35=""),"",E35/E34) -> 0.98684211 | F36: =IF(OR(F34="",F35=""),"",F35/F34) -> 0.98684211 | G36: =IF(OR(G34="",G35=""),"",G35/G34) -> 0.99074074 | H36: =IF(OR(H34="",H35=""),"",H35/H34) -> 0.97674419 | I36: =IF(OR(I34="",I35=""),"",I35/I34) -> 0.97826087 | J36: =IF(OR(J34="",J35=""),"",J35/J34) -> 0.98095238 | ... O36: =IF(OR(O34="",O35=""),"",O35/O34) -> 0.97647059
A37: Sn 120 | B37: Center | C37: 1.92 | D37: 3.21 | E37: 1.86 | F37: 1.86 | G37: 2.65 | H37: 2.1 | I37: 2.25 | J37: 2.56 | K37: 2.32 | L37: 2.2 | M37: 2.07 | N37: 2.28 | O37: 2.07
B38: CTDIw | C38: 1.92 | D38: 3.2 | E38: 1.85 | F38: 1.85 | G38: 2.65 | H38: 2.09 | I38: 2.25 | J38: 2.55 | K38: 2.32 | L38: 2.2 | M38: 2.07 | N38: 2.28 | O38: 2.07
B39: k | C39: =IF(OR(C37="",C38=""),"",C38/C37) -> 1 | D39: =IF(OR(D37="",D38=""),"",D38/D37) -> 0.99688474 | E39: =IF(OR(E37="",E38=""),"",E38/E37) -> 0.99462366 | F39: =IF(OR(F37="",F38=""),"",F38/F37) -> 0.99462366 | G39: =IF(OR(G37="",G38=""),"",G38/G37) -> 1 | H39: =IF(OR(H37="",H38=""),"",H38/H37) -> 0.9952381 | I39: =IF(OR(I37="",I38=""),"",I38/I37) -> 1 | J39: =IF(OR(J37="",J38=""),"",J38/J37) -> 0.99609375 | ... O39: =IF(OR(O37="",O38=""),"",O38/O37) -> 1
A40: Sn 150 | B40: Center | C40: 4.99 | D40: 8.31 | E40: 4.82 | F40: 4.82 | G40: 6.87 | H40: 5.43 | I40: 5.83 | J40: 6.63 | K40: 6.02 | L40: 5.71 | M40: 5.38 | N40: 5.91 | O40: 5.38
B41: CTDIw | C41: 5.01 | D41: 8.35 | E41: 4.84 | F41: 4.84 | G41: 6.9 | H41: 5.46 | I41: 5.86 | J41: 6.66 | K41: 6.05 | L41: 5.74 | M41: 5.4 | N41: 5.94 | O41: 5.4
B42: k | C42: =IF(OR(C40="",C41=""),"",C41/C40) -> 1.004008 | D42: =IF(OR(D40="",D41=""),"",D41/D40) -> 1.0048135 | E42: =IF(OR(E40="",E41=""),"",E41/E40) -> 1.0041494 | F42: =IF(OR(F40="",F41=""),"",F41/F40) -> 1.0041494 | G42: =IF(OR(G40="",G41=""),"",G41/G40) -> 1.0043668 | H42: =IF(OR(H40="",H41=""),"",H41/H40) -> 1.0055249 | I42: =IF(OR(I40="",I41=""),"",I41/I40) -> 1.0051458 | J42: =IF(OR(J40="",J41=""),"",J41/J40) -> 1.0045249 | ... O42: =IF(OR(O40="",O41=""),"",O41/O40) -> 1.0037175
A44: 16 cm phantom, Narrow shaped filter (Inner Ear)
B45: Collimation | C45: 2x1 | D45: 6x0.6 | E45: 1x5 | F45: 1x10 | G45: 12x1.2 | H45: 32x0.6 | I45: 32x0.6 | J45: 32x0.6 | K45: 48x0.6 | L45: 64x0.6 | M45: 96x0.6 | N45: 24x1.2 | O45: 48x1.2
